sample,file1,file2
P1_S1_cfDNA,/CH_files/P1_S1_cfDNA_1.fq.gz,/CH_files/P1_S1_cfDNA_2.fq.gz
P1_S1_WBC,/CH_files/P1_S1_WBC_1.fq.gz,/CH_files/P1_S1_WBC_2.fq.gz
P2_S1_WBC,/CH_files/P2_S1_WBC_1.fq.gz,/CH_files/P2_S1_WBC_2.fq.gz
P2_S1_cfDNA,/CH_files/P2_S1_cfDNA_1.fq.gz,/CH_files/P2_S1_cfDNA_2.fq.gz
P3_S1_cfDNA,/CH_files/P3_S1_cfDNA_1.fq.gz,/CH_files/P3_S1_cfDNA_2.fq.gz
P3_S1_WBC,/CH_files/P3_S1_WBC_1.fq.gz,/CH_files/P3_S1_WBC_2.fq.gz
P4_S1_cfDNA,/CH_files/P4_S1_cfDNA_1.fq.gz,/CH_files/P4_S1_cfDNA_2.fq.gz
P4_S1_WBC,/CH_files/P4_S1_WBC_1.fq.gz,/CH_files/P4_S1_WBC_2.fq.gz
P5_S1_cfDNA,/CH_files/P5_S1_cfDNA_1.fq.gz,/CH_files/P5_S1_cfDNA_2.fq.gz
P5_S1_WBC,/CH_files/P5_S1_WBC_1.fq.gz,/CH_files/P5_S1_WBC_2.fq.gz
P6_S1_WBC,/CH_files/P6_S1_WBC_1.fq.gz,/CH_files/P6_S1_WBC_2.fq.gz
P6_S1_cfDNA,/CH_files/P6_S1_cfDNA_1.fq.gz,/CH_files/P6_S1_cfDNA_2.fq.gz
P7_S1_WBC,/CH_files/P7_S1_WBC_1.fq.gz,/CH_files/P7_S1_WBC_2.fq.gz
P7_S1_cfDNA,/CH_files/P7_S1_cfDNA_1.fq.gz,/CH_files/P7_S1_cfDNA_2.fq.gz
P8_S1_WBC,/CH_files/P8_S1_WBC_1.fq.gz,/CH_files/P8_S1_WBC_2.fq.gz
P8_S1_cfDNA,/CH_files/P8_S1_cfDNA_1.fq.gz,/CH_files/P8_S1_cfDNA_2.fq.gz
P9_S1_cfDNA,/CH_files/P9_S1_cfDNA_1.fq.gz,/CH_files/P9_S1_cfDNA_2.fq.gz
P9_S1_WBC,/CH_files/P9_S1_WBC_1.fq.gz,/CH_files/P9_S1_WBC_2.fq.gz
P10_S1_cfDNA,/CH_files/P10_S1_cfDNA_1.fq.gz,/CH_files/P10_S1_cfDNA_2.fq.gz
P10_S1_WBC,/CH_files/P10_S1_WBC_1.fq.gz,/CH_files/P10_S1_WBC_2.fq.gz
P11_S1_cfDNA,/CH_files/P11_S1_cfDNA_1.fq.gz,/CH_files/P11_S1_cfDNA_2.fq.gz
P11_S1_WBC,/CH_files/P11_S1_WBC_1.fq.gz,/CH_files/P11_S1_WBC_2.fq.gz
P12_S1_cfDNA,/CH_files/P12_S1_cfDNA_1.fq.gz,/CH_files/P12_S1_cfDNA_2.fq.gz
P12_S1_WBC,/CH_files/P12_S1_WBC_1.fq.gz,/CH_files/P12_S1_WBC_2.fq.gz
P13_S1_WBC,/CH_files/P13_S1_WBC_1.fq.gz,/CH_files/P13_S1_WBC_2.fq.gz
P13_S1_cfDNA,/CH_files/P13_S1_cfDNA_1.fq.gz,/CH_files/P13_S1_cfDNA_2.fq.gz
P14_S1_cfDNA,/CH_files/P14_S1_cfDNA_1.fq.gz,/CH_files/P14_S1_cfDNA_2.fq.gz
P14_S1_WBC,/CH_files/P14_S1_WBC_1.fq.gz,/CH_files/P14_S1_WBC_2.fq.gz
P15_S1_cfDNA,/CH_files/P15_S1_cfDNA_1.fq.gz,/CH_files/P15_S1_cfDNA_2.fq.gz
P15_S1_WBC,/CH_files/P15_S1_WBC_1.fq.gz,/CH_files/P15_S1_WBC_2.fq.gz
P16_S1_WBC,/CH_files/P16_S1_WBC_1.fq.gz,/CH_files/P16_S1_WBC_2.fq.gz
P16_S1_cfDNA,/CH_files/P16_S1_cfDNA_1.fq.gz,/CH_files/P16_S1_cfDNA_2.fq.gz
P17_S1_cfDNA,/CH_files/P17_S1_cfDNA_1.fq.gz,/CH_files/P17_S1_cfDNA_2.fq.gz
P17_S1_WBC,/CH_files/P17_S1_WBC_1.fq.gz,/CH_files/P17_S1_WBC_2.fq.gz
P18_S3_WBC,/CH_files/P18_S3_WBC_1.fq.gz,/CH_files/P18_S3_WBC_2.fq.gz
P18_S2_cfDNA,/CH_files/P18_S2_cfDNA_1.fq.gz,/CH_files/P18_S2_cfDNA_2.fq.gz
P18_S3_cfDNA,/CH_files/P18_S3_cfDNA_1.fq.gz,/CH_files/P18_S3_cfDNA_2.fq.gz
P18_S2_WBC,/CH_files/P18_S2_WBC_1.fq.gz,/CH_files/P18_S2_WBC_2.fq.gz
P18_S1_WBC,/CH_files/P18_S1_WBC_1.fq.gz,/CH_files/P18_S1_WBC_2.fq.gz
P18_S1_cfDNA,/CH_files/P18_S1_cfDNA_1.fq.gz,/CH_files/P18_S1_cfDNA_2.fq.gz
P19_S1_WBC,/CH_files/P19_S1_WBC_1.fq.gz,/CH_files/P19_S1_WBC_2.fq.gz
P19_S1_cfDNA,/CH_files/P19_S1_cfDNA_1.fq.gz,/CH_files/P19_S1_cfDNA_2.fq.gz
P20_S1_WBC,/CH_files/P20_S1_WBC_1.fq.gz,/CH_files/P20_S1_WBC_2.fq.gz
P20_S1_cfDNA,/CH_files/P20_S1_cfDNA_1.fq.gz,/CH_files/P20_S1_cfDNA_2.fq.gz
P21_S1_cfDNA,/CH_files/P21_S1_cfDNA_1.fq.gz,/CH_files/P21_S1_cfDNA_2.fq.gz
P21_S1_WBC,/CH_files/P21_S1_WBC_1.fq.gz,/CH_files/P21_S1_WBC_2.fq.gz
P22_S1_WBC,/CH_files/P22_S1_WBC_1.fq.gz,/CH_files/P22_S1_WBC_2.fq.gz
P22_S1_cfDNA,/CH_files/P22_S1_cfDNA_1.fq.gz,/CH_files/P22_S1_cfDNA_2.fq.gz
P23_S1_cfDNA,/CH_files/P23_S1_cfDNA_1.fq.gz,/CH_files/P23_S1_cfDNA_2.fq.gz
P23_S1_WBC,/CH_files/P23_S1_WBC_1.fq.gz,/CH_files/P23_S1_WBC_2.fq.gz
P24_S1_WBC,/CH_files/P24_S1_WBC_1.fq.gz,/CH_files/P24_S1_WBC_2.fq.gz
P24_S1_cfDNA,/CH_files/P24_S1_cfDNA_1.fq.gz,/CH_files/P24_S1_cfDNA_2.fq.gz
P25_S1_cfDNA,/CH_files/P25_S1_cfDNA_1.fq.gz,/CH_files/P25_S1_cfDNA_2.fq.gz
P25_S1_WBC,/CH_files/P25_S1_WBC_1.fq.gz,/CH_files/P25_S1_WBC_2.fq.gz
P26_S1_WBC,/CH_files/P26_S1_WBC_1.fq.gz,/CH_files/P26_S1_WBC_2.fq.gz
P26_S1_cfDNA,/CH_files/P26_S1_cfDNA_1.fq.gz,/CH_files/P26_S1_cfDNA_2.fq.gz
P27_S1_WBC,/CH_files/P27_S1_WBC_1.fq.gz,/CH_files/P27_S1_WBC_2.fq.gz
P27_S1_cfDNA,/CH_files/P27_S1_cfDNA_1.fq.gz,/CH_files/P27_S1_cfDNA_2.fq.gz
P28_S1_WBC,/CH_files/P28_S1_WBC_1.fq.gz,/CH_files/P28_S1_WBC_2.fq.gz
P28_S1_cfDNA,/CH_files/P28_S1_cfDNA_1.fq.gz,/CH_files/P28_S1_cfDNA_2.fq.gz
P29_S1_WBC,/CH_files/P29_S1_WBC_1.fq.gz,/CH_files/P29_S1_WBC_2.fq.gz
P29_S1_cfDNA,/CH_files/P29_S1_cfDNA_1.fq.gz,/CH_files/P29_S1_cfDNA_2.fq.gz
P30_S1_cfDNA,/CH_files/P30_S1_cfDNA_1.fq.gz,/CH_files/P30_S1_cfDNA_2.fq.gz
P30_S1_WBC,/CH_files/P30_S1_WBC_1.fq.gz,/CH_files/P30_S1_WBC_2.fq.gz
P31_S1_WBC,/CH_files/P31_S1_WBC_1.fq.gz,/CH_files/P31_S1_WBC_2.fq.gz
P31_S1_cfDNA,/CH_files/P31_S1_cfDNA_1.fq.gz,/CH_files/P31_S1_cfDNA_2.fq.gz
P32_S1_cfDNA,/CH_files/P32_S1_cfDNA_1.fq.gz,/CH_files/P32_S1_cfDNA_2.fq.gz
P32_S1_WBC,/CH_files/P32_S1_WBC_1.fq.gz,/CH_files/P32_S1_WBC_2.fq.gz
P33_S1_cfDNA,/CH_files/P33_S1_cfDNA_1.fq.gz,/CH_files/P33_S1_cfDNA_2.fq.gz
P33_S1_WBC,/CH_files/P33_S1_WBC_1.fq.gz,/CH_files/P33_S1_WBC_2.fq.gz
P34_S1_cfDNA,/CH_files/P34_S1_cfDNA_1.fq.gz,/CH_files/P34_S1_cfDNA_2.fq.gz
P34_S1_WBC,/CH_files/P34_S1_WBC_1.fq.gz,/CH_files/P34_S1_WBC_2.fq.gz
P35_S1_WBC,/CH_files/P35_S1_WBC_1.fq.gz,/CH_files/P35_S1_WBC_2.fq.gz
P35_S1_cfDNA,/CH_files/P35_S1_cfDNA_1.fq.gz,/CH_files/P35_S1_cfDNA_2.fq.gz
P36_S1_WBC,/CH_files/P36_S1_WBC_1.fq.gz,/CH_files/P36_S1_WBC_2.fq.gz
P36_S1_cfDNA,/CH_files/P36_S1_cfDNA_1.fq.gz,/CH_files/P36_S1_cfDNA_2.fq.gz
P37_S1_WBC,/CH_files/P37_S1_WBC_1.fq.gz,/CH_files/P37_S1_WBC_2.fq.gz
P37_S1_cfDNA,/CH_files/P37_S1_cfDNA_1.fq.gz,/CH_files/P37_S1_cfDNA_2.fq.gz
P38_S2_WBC,/CH_files/P38_S2_WBC_1.fq.gz,/CH_files/P38_S2_WBC_2.fq.gz
P38_S1_cfDNA,/CH_files/P38_S1_cfDNA_1.fq.gz,/CH_files/P38_S1_cfDNA_2.fq.gz
P38_S1_WBC,/CH_files/P38_S1_WBC_1.fq.gz,/CH_files/P38_S1_WBC_2.fq.gz
P38_S2_cfDNA,/CH_files/P38_S2_cfDNA_1.fq.gz,/CH_files/P38_S2_cfDNA_2.fq.gz
P39_S1_cfDNA,/CH_files/P39_S1_cfDNA_1.fq.gz,/CH_files/P39_S1_cfDNA_2.fq.gz
P39_S1_WBC,/CH_files/P39_S1_WBC_1.fq.gz,/CH_files/P39_S1_WBC_2.fq.gz
P40_S1_WBC,/CH_files/P40_S1_WBC_1.fq.gz,/CH_files/P40_S1_WBC_2.fq.gz
P40_S1_cfDNA,/CH_files/P40_S1_cfDNA_1.fq.gz,/CH_files/P40_S1_cfDNA_2.fq.gz
P41_S1_WBC,/CH_files/P41_S1_WBC_1.fq.gz,/CH_files/P41_S1_WBC_2.fq.gz
P41_S1_cfDNA,/CH_files/P41_S1_cfDNA_1.fq.gz,/CH_files/P41_S1_cfDNA_2.fq.gz
P42_S1_WBC,/CH_files/P42_S1_WBC_1.fq.gz,/CH_files/P42_S1_WBC_2.fq.gz
P42_S1_cfDNA,/CH_files/P42_S1_cfDNA_1.fq.gz,/CH_files/P42_S1_cfDNA_2.fq.gz
P43_S1_cfDNA,/CH_files/P43_S1_cfDNA_1.fq.gz,/CH_files/P43_S1_cfDNA_2.fq.gz
P43_S1_WBC,/CH_files/P43_S1_WBC_1.fq.gz,/CH_files/P43_S1_WBC_2.fq.gz
P44_S1_WBC,/CH_files/P44_S1_WBC_1.fq.gz,/CH_files/P44_S1_WBC_2.fq.gz
P44_S1_cfDNA,/CH_files/P44_S1_cfDNA_1.fq.gz,/CH_files/P44_S1_cfDNA_2.fq.gz
P45_S1_cfDNA,/CH_files/P45_S1_cfDNA_1.fq.gz,/CH_files/P45_S1_cfDNA_2.fq.gz
P45_S1_WBC,/CH_files/P45_S1_WBC_1.fq.gz,/CH_files/P45_S1_WBC_2.fq.gz
P46_S2_cfDNA,/CH_files/P46_S2_cfDNA_1.fq.gz,/CH_files/P46_S2_cfDNA_2.fq.gz
P46_S1_WBC,/CH_files/P46_S1_WBC_1.fq.gz,/CH_files/P46_S1_WBC_2.fq.gz
P46_S1_cfDNA,/CH_files/P46_S1_cfDNA_1.fq.gz,/CH_files/P46_S1_cfDNA_2.fq.gz
P46_S2_WBC,/CH_files/P46_S2_WBC_1.fq.gz,/CH_files/P46_S2_WBC_2.fq.gz
P47_S1_cfDNA,/CH_files/P47_S1_cfDNA_1.fq.gz,/CH_files/P47_S1_cfDNA_2.fq.gz
P47_S2_cfDNA,/CH_files/P47_S2_cfDNA_1.fq.gz,/CH_files/P47_S2_cfDNA_2.fq.gz
P47_S2_WBC,/CH_files/P47_S2_WBC_1.fq.gz,/CH_files/P47_S2_WBC_2.fq.gz
P47_S1_WBC,/CH_files/P47_S1_WBC_1.fq.gz,/CH_files/P47_S1_WBC_2.fq.gz
P48_S1_WBC,/CH_files/P48_S1_WBC_1.fq.gz,/CH_files/P48_S1_WBC_2.fq.gz
P48_S1_cfDNA,/CH_files/P48_S1_cfDNA_1.fq.gz,/CH_files/P48_S1_cfDNA_2.fq.gz
P49_S1_WBC,/CH_files/P49_S1_WBC_1.fq.gz,/CH_files/P49_S1_WBC_2.fq.gz
P49_S1_cfDNA,/CH_files/P49_S1_cfDNA_1.fq.gz,/CH_files/P49_S1_cfDNA_2.fq.gz
P50_S1_cfDNA,/CH_files/P50_S1_cfDNA_1.fq.gz,/CH_files/P50_S1_cfDNA_2.fq.gz
P50_S1_WBC,/CH_files/P50_S1_WBC_1.fq.gz,/CH_files/P50_S1_WBC_2.fq.gz
P51_S1_cfDNA,/CH_files/P51_S1_cfDNA_1.fq.gz,/CH_files/P51_S1_cfDNA_2.fq.gz
P51_S1_WBC,/CH_files/P51_S1_WBC_1.fq.gz,/CH_files/P51_S1_WBC_2.fq.gz
P52_S1_WBC,/CH_files/P52_S1_WBC_1.fq.gz,/CH_files/P52_S1_WBC_2.fq.gz
P52_S1_cfDNA,/CH_files/P52_S1_cfDNA_1.fq.gz,/CH_files/P52_S1_cfDNA_2.fq.gz
P53_S1_WBC,/CH_files/P53_S1_WBC_1.fq.gz,/CH_files/P53_S1_WBC_2.fq.gz
P53_S1_cfDNA,/CH_files/P53_S1_cfDNA_1.fq.gz,/CH_files/P53_S1_cfDNA_2.fq.gz
P54_S1_WBC,/CH_files/P54_S1_WBC_1.fq.gz,/CH_files/P54_S1_WBC_2.fq.gz
P54_S1_cfDNA,/CH_files/P54_S1_cfDNA_1.fq.gz,/CH_files/P54_S1_cfDNA_2.fq.gz
P55_S1_WBC,/CH_files/P55_S1_WBC_1.fq.gz,/CH_files/P55_S1_WBC_2.fq.gz
P55_S1_cfDNA,/CH_files/P55_S1_cfDNA_1.fq.gz,/CH_files/P55_S1_cfDNA_2.fq.gz
P56_S1_WBC,/CH_files/P56_S1_WBC_1.fq.gz,/CH_files/P56_S1_WBC_2.fq.gz
P56_S1_cfDNA,/CH_files/P56_S1_cfDNA_1.fq.gz,/CH_files/P56_S1_cfDNA_2.fq.gz
P57_S1_cfDNA,/CH_files/P57_S1_cfDNA_1.fq.gz,/CH_files/P57_S1_cfDNA_2.fq.gz
P57_S1_WBC,/CH_files/P57_S1_WBC_1.fq.gz,/CH_files/P57_S1_WBC_2.fq.gz
P58_S1_WBC,/CH_files/P58_S1_WBC_1.fq.gz,/CH_files/P58_S1_WBC_2.fq.gz
P58_S1_cfDNA,/CH_files/P58_S1_cfDNA_1.fq.gz,/CH_files/P58_S1_cfDNA_2.fq.gz
P59_S1_cfDNA,/CH_files/P59_S1_cfDNA_1.fq.gz,/CH_files/P59_S1_cfDNA_2.fq.gz
P59_S1_WBC,/CH_files/P59_S1_WBC_1.fq.gz,/CH_files/P59_S1_WBC_2.fq.gz
P60_S1_WBC,/CH_files/P60_S1_WBC_1.fq.gz,/CH_files/P60_S1_WBC_2.fq.gz
P60_S1_cfDNA,/CH_files/P60_S1_cfDNA_1.fq.gz,/CH_files/P60_S1_cfDNA_2.fq.gz
P61_S1_cfDNA,/CH_files/P61_S1_cfDNA_1.fq.gz,/CH_files/P61_S1_cfDNA_2.fq.gz
P61_S1_WBC,/CH_files/P61_S1_WBC_1.fq.gz,/CH_files/P61_S1_WBC_2.fq.gz
P62_S1_WBC,/CH_files/P62_S1_WBC_1.fq.gz,/CH_files/P62_S1_WBC_2.fq.gz
P62_S1_cfDNA,/CH_files/P62_S1_cfDNA_1.fq.gz,/CH_files/P62_S1_cfDNA_2.fq.gz
P63_S1_cfDNA,/CH_files/P63_S1_cfDNA_1.fq.gz,/CH_files/P63_S1_cfDNA_2.fq.gz
P63_S1_WBC,/CH_files/P63_S1_WBC_1.fq.gz,/CH_files/P63_S1_WBC_2.fq.gz
P64_S2_WBC,/CH_files/P64_S2_WBC_1.fq.gz,/CH_files/P64_S2_WBC_2.fq.gz
P64_S2_cfDNA,/CH_files/P64_S2_cfDNA_1.fq.gz,/CH_files/P64_S2_cfDNA_2.fq.gz
P64_S1_cfDNA,/CH_files/P64_S1_cfDNA_1.fq.gz,/CH_files/P64_S1_cfDNA_2.fq.gz
P64_S1_WBC,/CH_files/P64_S1_WBC_1.fq.gz,/CH_files/P64_S1_WBC_2.fq.gz
P65_S1_WBC,/CH_files/P65_S1_WBC_1.fq.gz,/CH_files/P65_S1_WBC_2.fq.gz
P65_S1_cfDNA,/CH_files/P65_S1_cfDNA_1.fq.gz,/CH_files/P65_S1_cfDNA_2.fq.gz
P66_S1_WBC,/CH_files/P66_S1_WBC_1.fq.gz,/CH_files/P66_S1_WBC_2.fq.gz
P66_S3_WBC,/CH_files/P66_S3_WBC_1.fq.gz,/CH_files/P66_S3_WBC_2.fq.gz
P66_S2_WBC,/CH_files/P66_S2_WBC_1.fq.gz,/CH_files/P66_S2_WBC_2.fq.gz
P66_S2_cfDNA,/CH_files/P66_S2_cfDNA_1.fq.gz,/CH_files/P66_S2_cfDNA_2.fq.gz
P66_S3_cfDNA,/CH_files/P66_S3_cfDNA_1.fq.gz,/CH_files/P66_S3_cfDNA_2.fq.gz
P66_S1_cfDNA,/CH_files/P66_S1_cfDNA_1.fq.gz,/CH_files/P66_S1_cfDNA_2.fq.gz
P67_S1_WBC,/CH_files/P67_S1_WBC_1.fq.gz,/CH_files/P67_S1_WBC_2.fq.gz
P67_S1_cfDNA,/CH_files/P67_S1_cfDNA_1.fq.gz,/CH_files/P67_S1_cfDNA_2.fq.gz
P67_S2_cfDNA,/CH_files/P67_S2_cfDNA_1.fq.gz,/CH_files/P67_S2_cfDNA_2.fq.gz
P67_S2_WBC,/CH_files/P67_S2_WBC_1.fq.gz,/CH_files/P67_S2_WBC_2.fq.gz
P68_S1_cfDNA,/CH_files/P68_S1_cfDNA_1.fq.gz,/CH_files/P68_S1_cfDNA_2.fq.gz
P68_S1_WBC,/CH_files/P68_S1_WBC_1.fq.gz,/CH_files/P68_S1_WBC_2.fq.gz
P69_S2_cfDNA,/CH_files/P69_S2_cfDNA_1.fq.gz,/CH_files/P69_S2_cfDNA_2.fq.gz
P69_S1_cfDNA,/CH_files/P69_S1_cfDNA_1.fq.gz,/CH_files/P69_S1_cfDNA_2.fq.gz
P69_S1_WBC,/CH_files/P69_S1_WBC_1.fq.gz,/CH_files/P69_S1_WBC_2.fq.gz
P69_S2_WBC,/CH_files/P69_S2_WBC_1.fq.gz,/CH_files/P69_S2_WBC_2.fq.gz
P70_S1_WBC,/CH_files/P70_S1_WBC_1.fq.gz,/CH_files/P70_S1_WBC_2.fq.gz
P70_S1_cfDNA,/CH_files/P70_S1_cfDNA_1.fq.gz,/CH_files/P70_S1_cfDNA_2.fq.gz
P71_S1_WBC,/CH_files/P71_S1_WBC_1.fq.gz,/CH_files/P71_S1_WBC_2.fq.gz
P71_S1_cfDNA,/CH_files/P71_S1_cfDNA_1.fq.gz,/CH_files/P71_S1_cfDNA_2.fq.gz
P72_S2_WBC,/CH_files/P72_S2_WBC_1.fq.gz,/CH_files/P72_S2_WBC_2.fq.gz
P72_S2_cfDNA,/CH_files/P72_S2_cfDNA_1.fq.gz,/CH_files/P72_S2_cfDNA_2.fq.gz
P72_S1_cfDNA,/CH_files/P72_S1_cfDNA_1.fq.gz,/CH_files/P72_S1_cfDNA_2.fq.gz
P72_S1_WBC,/CH_files/P72_S1_WBC_1.fq.gz,/CH_files/P72_S1_WBC_2.fq.gz
P73_S1_cfDNA,/CH_files/P73_S1_cfDNA_1.fq.gz,/CH_files/P73_S1_cfDNA_2.fq.gz
P73_S1_WBC,/CH_files/P73_S1_WBC_1.fq.gz,/CH_files/P73_S1_WBC_2.fq.gz
P74_S1_WBC,/CH_files/P74_S1_WBC_1.fq.gz,/CH_files/P74_S1_WBC_2.fq.gz
P74_S1_cfDNA,/CH_files/P74_S1_cfDNA_1.fq.gz,/CH_files/P74_S1_cfDNA_2.fq.gz
P75_S1_WBC,/CH_files/P75_S1_WBC_1.fq.gz,/CH_files/P75_S1_WBC_2.fq.gz
P75_S1_cfDNA,/CH_files/P75_S1_cfDNA_1.fq.gz,/CH_files/P75_S1_cfDNA_2.fq.gz
P76_S1_WBC,/CH_files/P76_S1_WBC_1.fq.gz,/CH_files/P76_S1_WBC_2.fq.gz
P76_S2_WBC,/CH_files/P76_S2_WBC_1.fq.gz,/CH_files/P76_S2_WBC_2.fq.gz
P76_S2_cfDNA,/CH_files/P76_S2_cfDNA_1.fq.gz,/CH_files/P76_S2_cfDNA_2.fq.gz
P76_S1_cfDNA,/CH_files/P76_S1_cfDNA_1.fq.gz,/CH_files/P76_S1_cfDNA_2.fq.gz
P77_S1_cfDNA,/CH_files/P77_S1_cfDNA_1.fq.gz,/CH_files/P77_S1_cfDNA_2.fq.gz
P77_S1_WBC,/CH_files/P77_S1_WBC_1.fq.gz,/CH_files/P77_S1_WBC_2.fq.gz
P78_S1_cfDNA,/CH_files/P78_S1_cfDNA_1.fq.gz,/CH_files/P78_S1_cfDNA_2.fq.gz
P78_S1_WBC,/CH_files/P78_S1_WBC_1.fq.gz,/CH_files/P78_S1_WBC_2.fq.gz
P79_S1_cfDNA,/CH_files/P79_S1_cfDNA_1.fq.gz,/CH_files/P79_S1_cfDNA_2.fq.gz
P79_S1_WBC,/CH_files/P79_S1_WBC_1.fq.gz,/CH_files/P79_S1_WBC_2.fq.gz
P80_S1_WBC,/CH_files/P80_S1_WBC_1.fq.gz,/CH_files/P80_S1_WBC_2.fq.gz
P80_S1_cfDNA,/CH_files/P80_S1_cfDNA_1.fq.gz,/CH_files/P80_S1_cfDNA_2.fq.gz
P81_S1_WBC,/CH_files/P81_S1_WBC_1.fq.gz,/CH_files/P81_S1_WBC_2.fq.gz
P81_S1_cfDNA,/CH_files/P81_S1_cfDNA_1.fq.gz,/CH_files/P81_S1_cfDNA_2.fq.gz
P82_S1_WBC,/CH_files/P82_S1_WBC_1.fq.gz,/CH_files/P82_S1_WBC_2.fq.gz
P82_S1_cfDNA,/CH_files/P82_S1_cfDNA_1.fq.gz,/CH_files/P82_S1_cfDNA_2.fq.gz
P83_S1_WBC,/CH_files/P83_S1_WBC_1.fq.gz,/CH_files/P83_S1_WBC_2.fq.gz
P83_S1_cfDNA,/CH_files/P83_S1_cfDNA_1.fq.gz,/CH_files/P83_S1_cfDNA_2.fq.gz
P84_S1_WBC,/CH_files/P84_S1_WBC_1.fq.gz,/CH_files/P84_S1_WBC_2.fq.gz
P84_S1_cfDNA,/CH_files/P84_S1_cfDNA_1.fq.gz,/CH_files/P84_S1_cfDNA_2.fq.gz
P85_S2_cfDNA,/CH_files/P85_S2_cfDNA_1.fq.gz,/CH_files/P85_S2_cfDNA_2.fq.gz
P85_S1_WBC,/CH_files/P85_S1_WBC_1.fq.gz,/CH_files/P85_S1_WBC_2.fq.gz
P85_S1_cfDNA,/CH_files/P85_S1_cfDNA_1.fq.gz,/CH_files/P85_S1_cfDNA_2.fq.gz
P85_S2_WBC,/CH_files/P85_S2_WBC_1.fq.gz,/CH_files/P85_S2_WBC_2.fq.gz
P86_S1_cfDNA,/CH_files/P86_S1_cfDNA_1.fq.gz,/CH_files/P86_S1_cfDNA_2.fq.gz
P86_S1_WBC,/CH_files/P86_S1_WBC_1.fq.gz,/CH_files/P86_S1_WBC_2.fq.gz
P87_S1_cfDNA,/CH_files/P87_S1_cfDNA_1.fq.gz,/CH_files/P87_S1_cfDNA_2.fq.gz
P87_S1_WBC,/CH_files/P87_S1_WBC_1.fq.gz,/CH_files/P87_S1_WBC_2.fq.gz
P88_S1_WBC,/CH_files/P88_S1_WBC_1.fq.gz,/CH_files/P88_S1_WBC_2.fq.gz
P88_S1_cfDNA,/CH_files/P88_S1_cfDNA_1.fq.gz,/CH_files/P88_S1_cfDNA_2.fq.gz
P89_S1_cfDNA,/CH_files/P89_S1_cfDNA_1.fq.gz,/CH_files/P89_S1_cfDNA_2.fq.gz
P89_S1_WBC,/CH_files/P89_S1_WBC_1.fq.gz,/CH_files/P89_S1_WBC_2.fq.gz
P90_S2_WBC,/CH_files/P90_S2_WBC_1.fq.gz,/CH_files/P90_S2_WBC_2.fq.gz
P90_S1_cfDNA,/CH_files/P90_S1_cfDNA_1.fq.gz,/CH_files/P90_S1_cfDNA_2.fq.gz
P90_S2_cfDNA,/CH_files/P90_S2_cfDNA_1.fq.gz,/CH_files/P90_S2_cfDNA_2.fq.gz
P90_S1_WBC,/CH_files/P90_S1_WBC_1.fq.gz,/CH_files/P90_S1_WBC_2.fq.gz
P91_S1_WBC,/CH_files/P91_S1_WBC_1.fq.gz,/CH_files/P91_S1_WBC_2.fq.gz
P91_S1_cfDNA,/CH_files/P91_S1_cfDNA_1.fq.gz,/CH_files/P91_S1_cfDNA_2.fq.gz
P92_S1_WBC,/CH_files/P92_S1_WBC_1.fq.gz,/CH_files/P92_S1_WBC_2.fq.gz
P92_S1_cfDNA,/CH_files/P92_S1_cfDNA_1.fq.gz,/CH_files/P92_S1_cfDNA_2.fq.gz
P93_S2_cfDNA,/CH_files/P93_S2_cfDNA_1.fq.gz,/CH_files/P93_S2_cfDNA_2.fq.gz
P93_S2_WBC,/CH_files/P93_S2_WBC_1.fq.gz,/CH_files/P93_S2_WBC_2.fq.gz
P93_S1_cfDNA,/CH_files/P93_S1_cfDNA_1.fq.gz,/CH_files/P93_S1_cfDNA_2.fq.gz
P93_S1_WBC,/CH_files/P93_S1_WBC_1.fq.gz,/CH_files/P93_S1_WBC_2.fq.gz
P94_S1_WBC,/CH_files/P94_S1_WBC_1.fq.gz,/CH_files/P94_S1_WBC_2.fq.gz
P94_S1_cfDNA,/CH_files/P94_S1_cfDNA_1.fq.gz,/CH_files/P94_S1_cfDNA_2.fq.gz
P95_S1_cfDNA,/CH_files/P95_S1_cfDNA_1.fq.gz,/CH_files/P95_S1_cfDNA_2.fq.gz
P95_S1_WBC,/CH_files/P95_S1_WBC_1.fq.gz,/CH_files/P95_S1_WBC_2.fq.gz
P96_S1_WBC,/CH_files/P96_S1_WBC_1.fq.gz,/CH_files/P96_S1_WBC_2.fq.gz
P96_S1_cfDNA,/CH_files/P96_S1_cfDNA_1.fq.gz,/CH_files/P96_S1_cfDNA_2.fq.gz
P97_S1_WBC,/CH_files/P97_S1_WBC_1.fq.gz,/CH_files/P97_S1_WBC_2.fq.gz
P97_S1_cfDNA,/CH_files/P97_S1_cfDNA_1.fq.gz,/CH_files/P97_S1_cfDNA_2.fq.gz
P98_S1_cfDNA,/CH_files/P98_S1_cfDNA_1.fq.gz,/CH_files/P98_S1_cfDNA_2.fq.gz
P98_S1_WBC,/CH_files/P98_S1_WBC_1.fq.gz,/CH_files/P98_S1_WBC_2.fq.gz
P99_S1_cfDNA,/CH_files/P99_S1_cfDNA_1.fq.gz,/CH_files/P99_S1_cfDNA_2.fq.gz
P99_S1_WBC,/CH_files/P99_S1_WBC_1.fq.gz,/CH_files/P99_S1_WBC_2.fq.gz
P100_S1_cfDNA,/CH_files/P100_S1_cfDNA_1.fq.gz,/CH_files/P100_S1_cfDNA_2.fq.gz
P100_S1_WBC,/CH_files/P100_S1_WBC_1.fq.gz,/CH_files/P100_S1_WBC_2.fq.gz
P101_S1_WBC,/CH_files/P101_S1_WBC_1.fq.gz,/CH_files/P101_S1_WBC_2.fq.gz
P101_S1_cfDNA,/CH_files/P101_S1_cfDNA_1.fq.gz,/CH_files/P101_S1_cfDNA_2.fq.gz
P102_S1_WBC,/CH_files/P102_S1_WBC_1.fq.gz,/CH_files/P102_S1_WBC_2.fq.gz
P102_S1_cfDNA,/CH_files/P102_S1_cfDNA_1.fq.gz,/CH_files/P102_S1_cfDNA_2.fq.gz
P103_S1_cfDNA_2.f,/CH_files/P103_S1_cfDNA_1.fq.gz,/CH_files/P103_S1_cfDNA_2.fq.gz
P103_S1_cfDNA,/CH_files/P103_S1_cfDNA_1.fq.gz,/CH_files/P103_S1_cfDNA_2.fq.gz
P103_S1_WBC,/CH_files/P103_S1_WBC_1.fq.gz,/CH_files/P103_S1_WBC_2.fq.gz
P104_S2_cfDNA,/CH_files/P104_S2_cfDNA_1.fq.gz,/CH_files/P104_S2_cfDNA_2.fq.gz
P104_S1_WBC,/CH_files/P104_S1_WBC_1.fq.gz,/CH_files/P104_S1_WBC_2.fq.gz
P104_S2_WBC,/CH_files/P104_S2_WBC_1.fq.gz,/CH_files/P104_S2_WBC_2.fq.gz
P104_S1_cfDNA,/CH_files/P104_S1_cfDNA_1.fq.gz,/CH_files/P104_S1_cfDNA_2.fq.gz
P105_S1_cfDNA,/CH_files/P105_S1_cfDNA_1.fq.gz,/CH_files/P105_S1_cfDNA_2.fq.gz
P105_S1_WBC,/CH_files/P105_S1_WBC_1.fq.gz,/CH_files/P105_S1_WBC_2.fq.gz
P106_S1_cfDNA,/CH_files/P106_S1_cfDNA_1.fq.gz,/CH_files/P106_S1_cfDNA_2.fq.gz
P106_S1_WBC,/CH_files/P106_S1_WBC_1.fq.gz,/CH_files/P106_S1_WBC_2.fq.gz
P107_S1_WBC,/CH_files/P107_S1_WBC_1.fq.gz,/CH_files/P107_S1_WBC_2.fq.gz
P107_S1_cfDNA,/CH_files/P107_S1_cfDNA_1.fq.gz,/CH_files/P107_S1_cfDNA_2.fq.gz
P108_S1_cfDNA,/CH_files/P108_S1_cfDNA_1.fq.gz,/CH_files/P108_S1_cfDNA_2.fq.gz
P108_S1_WBC,/CH_files/P108_S1_WBC_1.fq.gz,/CH_files/P108_S1_WBC_2.fq.gz
P109_S1_cfDNA,/CH_files/P109_S1_cfDNA_1.fq.gz,/CH_files/P109_S1_cfDNA_2.fq.gz
P109_S1_WBC,/CH_files/P109_S1_WBC_1.fq.gz,/CH_files/P109_S1_WBC_2.fq.gz
P110_S2_WBC,/CH_files/P110_S2_WBC_1.fq.gz,/CH_files/P110_S2_WBC_2.fq.gz
P110_S1_WBC,/CH_files/P110_S1_WBC_1.fq.gz,/CH_files/P110_S1_WBC_2.fq.gz
P110_S1_cfDNA,/CH_files/P110_S1_cfDNA_1.fq.gz,/CH_files/P110_S1_cfDNA_2.fq.gz
P110_S2_cfDNA,/CH_files/P110_S2_cfDNA_1.fq.gz,/CH_files/P110_S2_cfDNA_2.fq.gz
P111_S1_WBC,/CH_files/P111_S1_WBC_1.fq.gz,/CH_files/P111_S1_WBC_2.fq.gz
P111_S2_cfDNA,/CH_files/P111_S2_cfDNA_1.fq.gz,/CH_files/P111_S2_cfDNA_2.fq.gz
P111_S1_cfDNA,/CH_files/P111_S1_cfDNA_1.fq.gz,/CH_files/P111_S1_cfDNA_2.fq.gz
P111_S2_WBC,/CH_files/P111_S2_WBC_1.fq.gz,/CH_files/P111_S2_WBC_2.fq.gz
P112_S1_cfDNA,/CH_files/P112_S1_cfDNA_1.fq.gz,/CH_files/P112_S1_cfDNA_2.fq.gz
P112_S1_WBC,/CH_files/P112_S1_WBC_1.fq.gz,/CH_files/P112_S1_WBC_2.fq.gz
P113_S1_cfDNA,/CH_files/P113_S1_cfDNA_1.fq.gz,/CH_files/P113_S1_cfDNA_2.fq.gz
P113_S1_WBC,/CH_files/P113_S1_WBC_1.fq.gz,/CH_files/P113_S1_WBC_2.fq.gz
P114_S1_WBC,/CH_files/P114_S1_WBC_1.fq.gz,/CH_files/P114_S1_WBC_2.fq.gz
P114_S1_cfDNA,/CH_files/P114_S1_cfDNA_1.fq.gz,/CH_files/P114_S1_cfDNA_2.fq.gz
P115_S1_WBC,/CH_files/P115_S1_WBC_1.fq.gz,/CH_files/P115_S1_WBC_2.fq.gz
P115_S1_cfDNA,/CH_files/P115_S1_cfDNA_1.fq.gz,/CH_files/P115_S1_cfDNA_2.fq.gz
P116_S1_cfDNA,/CH_files/P116_S1_cfDNA_1.fq.gz,/CH_files/P116_S1_cfDNA_2.fq.gz
P116_S1_WBC,/CH_files/P116_S1_WBC_1.fq.gz,/CH_files/P116_S1_WBC_2.fq.gz
P116_S2_cfDNA,/CH_files/P116_S2_cfDNA_1.fq.gz,/CH_files/P116_S2_cfDNA_2.fq.gz
P116_S2_WBC,/CH_files/P116_S2_WBC_1.fq.gz,/CH_files/P116_S2_WBC_2.fq.gz
P117_S2_WBC,/CH_files/P117_S2_WBC_1.fq.gz,/CH_files/P117_S2_WBC_2.fq.gz
P117_S2_cfDNA,/CH_files/P117_S2_cfDNA_1.fq.gz,/CH_files/P117_S2_cfDNA_2.fq.gz
P117_S1_WBC,/CH_files/P117_S1_WBC_1.fq.gz,/CH_files/P117_S1_WBC_2.fq.gz
P117_S1_cfDNA,/CH_files/P117_S1_cfDNA_1.fq.gz,/CH_files/P117_S1_cfDNA_2.fq.gz
P118_S2_WBC,/CH_files/P118_S2_WBC_1.fq.gz,/CH_files/P118_S2_WBC_2.fq.gz
P118_S1_cfDNA,/CH_files/P118_S1_cfDNA_1.fq.gz,/CH_files/P118_S1_cfDNA_2.fq.gz
P118_S1_WBC,/CH_files/P118_S1_WBC_1.fq.gz,/CH_files/P118_S1_WBC_2.fq.gz
P118_S3_cfDNA,/CH_files/P118_S3_cfDNA_1.fq.gz,/CH_files/P118_S3_cfDNA_2.fq.gz
P118_S2_cfDNA,/CH_files/P118_S2_cfDNA_1.fq.gz,/CH_files/P118_S2_cfDNA_2.fq.gz
P118_S3_WBC,/CH_files/P118_S3_WBC_1.fq.gz,/CH_files/P118_S3_WBC_2.fq.gz
P119_S1_WBC,/CH_files/P119_S1_WBC_1.fq.gz,/CH_files/P119_S1_WBC_2.fq.gz
P119_S1_cfDNA,/CH_files/P119_S1_cfDNA_1.fq.gz,/CH_files/P119_S1_cfDNA_2.fq.gz
P120_S1_WBC,/CH_files/P120_S1_WBC_1.fq.gz,/CH_files/P120_S1_WBC_2.fq.gz
P120_S1_cfDNA,/CH_files/P120_S1_cfDNA_1.fq.gz,/CH_files/P120_S1_cfDNA_2.fq.gz
P121_S1_WBC,/CH_files/P121_S1_WBC_1.fq.gz,/CH_files/P121_S1_WBC_2.fq.gz
P121_S1_cfDNA,/CH_files/P121_S1_cfDNA_1.fq.gz,/CH_files/P121_S1_cfDNA_2.fq.gz
P122_S1_cfDNA,/CH_files/P122_S1_cfDNA_1.fq.gz,/CH_files/P122_S1_cfDNA_2.fq.gz
P122_S1_WBC,/CH_files/P122_S1_WBC_1.fq.gz,/CH_files/P122_S1_WBC_2.fq.gz
P123_S2_cfDNA,/CH_files/P123_S2_cfDNA_1.fq.gz,/CH_files/P123_S2_cfDNA_2.fq.gz
P123_S1_WBC,/CH_files/P123_S1_WBC_1.fq.gz,/CH_files/P123_S1_WBC_2.fq.gz
P123_S3_WBC,/CH_files/P123_S3_WBC_1.fq.gz,/CH_files/P123_S3_WBC_2.fq.gz
P123_S2_WBC,/CH_files/P123_S2_WBC_1.fq.gz,/CH_files/P123_S2_WBC_2.fq.gz
P123_S1_cfDNA,/CH_files/P123_S1_cfDNA_1.fq.gz,/CH_files/P123_S1_cfDNA_2.fq.gz
P123_S3_cfDNA,/CH_files/P123_S3_cfDNA_1.fq.gz,/CH_files/P123_S3_cfDNA_2.fq.gz
P124_S1_cfDNA,/CH_files/P124_S1_cfDNA_1.fq.gz,/CH_files/P124_S1_cfDNA_2.fq.gz
P124_S1_WBC,/CH_files/P124_S1_WBC_1.fq.gz,/CH_files/P124_S1_WBC_2.fq.gz
P125_S1_WBC,/CH_files/P125_S1_WBC_1.fq.gz,/CH_files/P125_S1_WBC_2.fq.gz
P125_S1_cfDNA,/CH_files/P125_S1_cfDNA_1.fq.gz,/CH_files/P125_S1_cfDNA_2.fq.gz
P126_S1_WBC,/CH_files/P126_S1_WBC_1.fq.gz,/CH_files/P126_S1_WBC_2.fq.gz
P126_S1_cfDNA,/CH_files/P126_S1_cfDNA_1.fq.gz,/CH_files/P126_S1_cfDNA_2.fq.gz
P127_S1_cfDNA,/CH_files/P127_S1_cfDNA_1.fq.gz,/CH_files/P127_S1_cfDNA_2.fq.gz
P127_S1_WBC,/CH_files/P127_S1_WBC_1.fq.gz,/CH_files/P127_S1_WBC_2.fq.gz
P128_S3_WBC,/CH_files/P128_S3_WBC_1.fq.gz,/CH_files/P128_S3_WBC_2.fq.gz
P128_S2_cfDNA,/CH_files/P128_S2_cfDNA_1.fq.gz,/CH_files/P128_S2_cfDNA_2.fq.gz
P128_S1_WBC,/CH_files/P128_S1_WBC_1.fq.gz,/CH_files/P128_S1_WBC_2.fq.gz
P128_S1_cfDNA,/CH_files/P128_S1_cfDNA_1.fq.gz,/CH_files/P128_S1_cfDNA_2.fq.gz
P128_S2_WBC,/CH_files/P128_S2_WBC_1.fq.gz,/CH_files/P128_S2_WBC_2.fq.gz
P128_S3_cfDNA,/CH_files/P128_S3_cfDNA_1.fq.gz,/CH_files/P128_S3_cfDNA_2.fq.gz
P129_S1_cfDNA,/CH_files/P129_S1_cfDNA_1.fq.gz,/CH_files/P129_S1_cfDNA_2.fq.gz
P129_S1_WBC,/CH_files/P129_S1_WBC_1.fq.gz,/CH_files/P129_S1_WBC_2.fq.gz
P130_S1_WBC,/CH_files/P130_S1_WBC_1.fq.gz,/CH_files/P130_S1_WBC_2.fq.gz
P130_S1_cfDNA,/CH_files/P130_S1_cfDNA_1.fq.gz,/CH_files/P130_S1_cfDNA_2.fq.gz
P131_S1_cfDNA,/CH_files/P131_S1_cfDNA_1.fq.gz,/CH_files/P131_S1_cfDNA_2.fq.gz
P131_S1_WBC,/CH_files/P131_S1_WBC_1.fq.gz,/CH_files/P131_S1_WBC_2.fq.gz
P132_S1_cfDNA,/CH_files/P132_S1_cfDNA_1.fq.gz,/CH_files/P132_S1_cfDNA_2.fq.gz
P132_S1_WBC,/CH_files/P132_S1_WBC_1.fq.gz,/CH_files/P132_S1_WBC_2.fq.gz
P133_S1_cfDNA,/CH_files/P133_S1_cfDNA_1.fq.gz,/CH_files/P133_S1_cfDNA_2.fq.gz
P133_S2_WBC,/CH_files/P133_S2_WBC_1.fq.gz,/CH_files/P133_S2_WBC_2.fq.gz
P133_S2_cfDNA,/CH_files/P133_S2_cfDNA_1.fq.gz,/CH_files/P133_S2_cfDNA_2.fq.gz
P133_S1_WBC,/CH_files/P133_S1_WBC_1.fq.gz,/CH_files/P133_S1_WBC_2.fq.gz
P134_S2_WBC,/CH_files/P134_S2_WBC_1.fq.gz,/CH_files/P134_S2_WBC_2.fq.gz
P134_S3_WBC,/CH_files/P134_S3_WBC_1.fq.gz,/CH_files/P134_S3_WBC_2.fq.gz
P134_S1_cfDNA,/CH_files/P134_S1_cfDNA_1.fq.gz,/CH_files/P134_S1_cfDNA_2.fq.gz
P134_S3_cfDNA,/CH_files/P134_S3_cfDNA_1.fq.gz,/CH_files/P134_S3_cfDNA_2.fq.gz
P134_S2_cfDNA,/CH_files/P134_S2_cfDNA_1.fq.gz,/CH_files/P134_S2_cfDNA_2.fq.gz
P134_S1_WBC,/CH_files/P134_S1_WBC_1.fq.gz,/CH_files/P134_S1_WBC_2.fq.gz
P135_S1_cfDNA,/CH_files/P135_S1_cfDNA_1.fq.gz,/CH_files/P135_S1_cfDNA_2.fq.gz
P135_S1_WBC,/CH_files/P135_S1_WBC_1.fq.gz,/CH_files/P135_S1_WBC_2.fq.gz
P136_S1_cfDNA,/CH_files/P136_S1_cfDNA_1.fq.gz,/CH_files/P136_S1_cfDNA_2.fq.gz
P136_S2_cfDNA,/CH_files/P136_S2_cfDNA_1.fq.gz,/CH_files/P136_S2_cfDNA_2.fq.gz
P136_S3_cfDNA,/CH_files/P136_S3_cfDNA_1.fq.gz,/CH_files/P136_S3_cfDNA_2.fq.gz
P136_S1_WBC,/CH_files/P136_S1_WBC_1.fq.gz,/CH_files/P136_S1_WBC_2.fq.gz
P136_S3_WBC,/CH_files/P136_S3_WBC_1.fq.gz,/CH_files/P136_S3_WBC_2.fq.gz
P136_S4_cfDNA,/CH_files/P136_S4_cfDNA_1.fq.gz,/CH_files/P136_S4_cfDNA_2.fq.gz
P136_S4_WBC,/CH_files/P136_S4_WBC_1.fq.gz,/CH_files/P136_S4_WBC_2.fq.gz
P136_S2_WBC,/CH_files/P136_S2_WBC_1.fq.gz,/CH_files/P136_S2_WBC_2.fq.gz
P137_S2_cfDNA,/CH_files/P137_S2_cfDNA_1.fq.gz,/CH_files/P137_S2_cfDNA_2.fq.gz
P137_S1_WBC,/CH_files/P137_S1_WBC_1.fq.gz,/CH_files/P137_S1_WBC_2.fq.gz
P137_S1_cfDNA,/CH_files/P137_S1_cfDNA_1.fq.gz,/CH_files/P137_S1_cfDNA_2.fq.gz
P137_S2_WBC,/CH_files/P137_S2_WBC_1.fq.gz,/CH_files/P137_S2_WBC_2.fq.gz
P138_S1_WBC,/CH_files/P138_S1_WBC_1.fq.gz,/CH_files/P138_S1_WBC_2.fq.gz
P138_S1_cfDNA,/CH_files/P138_S1_cfDNA_1.fq.gz,/CH_files/P138_S1_cfDNA_2.fq.gz
P139_S1_cfDNA,/CH_files/P139_S1_cfDNA_1.fq.gz,/CH_files/P139_S1_cfDNA_2.fq.gz
P139_S1_WBC,/CH_files/P139_S1_WBC_1.fq.gz,/CH_files/P139_S1_WBC_2.fq.gz
P140_S1_cfDNA,/CH_files/P140_S1_cfDNA_1.fq.gz,/CH_files/P140_S1_cfDNA_2.fq.gz
P140_S1_WBC,/CH_files/P140_S1_WBC_1.fq.gz,/CH_files/P140_S1_WBC_2.fq.gz
P141_S1_WBC,/CH_files/P141_S1_WBC_1.fq.gz,/CH_files/P141_S1_WBC_2.fq.gz
P141_S1_cfDNA,/CH_files/P141_S1_cfDNA_1.fq.gz,/CH_files/P141_S1_cfDNA_2.fq.gz
P142_S1_WBC,/CH_files/P142_S1_WBC_1.fq.gz,/CH_files/P142_S1_WBC_2.fq.gz
P142_S1_cfDNA,/CH_files/P142_S1_cfDNA_1.fq.gz,/CH_files/P142_S1_cfDNA_2.fq.gz
P143_S1_WBC,/CH_files/P143_S1_WBC_1.fq.gz,/CH_files/P143_S1_WBC_2.fq.gz
P143_S1_cfDNA,/CH_files/P143_S1_cfDNA_1.fq.gz,/CH_files/P143_S1_cfDNA_2.fq.gz
P144_S1_WBC,/CH_files/P144_S1_WBC_1.fq.gz,/CH_files/P144_S1_WBC_2.fq.gz
P144_S1_cfDNA,/CH_files/P144_S1_cfDNA_1.fq.gz,/CH_files/P144_S1_cfDNA_2.fq.gz
P145_S1_WBC,/CH_files/P145_S1_WBC_1.fq.gz,/CH_files/P145_S1_WBC_2.fq.gz
P145_S1_cfDNA,/CH_files/P145_S1_cfDNA_1.fq.gz,/CH_files/P145_S1_cfDNA_2.fq.gz
P146_S1_cfDNA,/CH_files/P146_S1_cfDNA_1.fq.gz,/CH_files/P146_S1_cfDNA_2.fq.gz
P146_S1_WBC,/CH_files/P146_S1_WBC_1.fq.gz,/CH_files/P146_S1_WBC_2.fq.gz
P147_S1_cfDNA,/CH_files/P147_S1_cfDNA_1.fq.gz,/CH_files/P147_S1_cfDNA_2.fq.gz
P147_S1_WBC,/CH_files/P147_S1_WBC_1.fq.gz,/CH_files/P147_S1_WBC_2.fq.gz
P148_S2_cfDNA,/CH_files/P148_S2_cfDNA_1.fq.gz,/CH_files/P148_S2_cfDNA_2.fq.gz
P148_S1_WBC,/CH_files/P148_S1_WBC_1.fq.gz,/CH_files/P148_S1_WBC_2.fq.gz
P148_S2_WBC,/CH_files/P148_S2_WBC_1.fq.gz,/CH_files/P148_S2_WBC_2.fq.gz
P148_S1_cfDNA,/CH_files/P148_S1_cfDNA_1.fq.gz,/CH_files/P148_S1_cfDNA_2.fq.gz
P149_S1_WBC,/CH_files/P149_S1_WBC_1.fq.gz,/CH_files/P149_S1_WBC_2.fq.gz
P149_S1_cfDNA,/CH_files/P149_S1_cfDNA_1.fq.gz,/CH_files/P149_S1_cfDNA_2.fq.gz
P150_S1_WBC,/CH_files/P150_S1_WBC_1.fq.gz,/CH_files/P150_S1_WBC_2.fq.gz
P150_S1_cfDNA,/CH_files/P150_S1_cfDNA_1.fq.gz,/CH_files/P150_S1_cfDNA_2.fq.gz
P151_S1_WBC,/CH_files/P151_S1_WBC_1.fq.gz,/CH_files/P151_S1_WBC_2.fq.gz
P151_S1_cfDNA,/CH_files/P151_S1_cfDNA_1.fq.gz,/CH_files/P151_S1_cfDNA_2.fq.gz
P152_S1_cfDNA,/CH_files/P152_S1_cfDNA_1.fq.gz,/CH_files/P152_S1_cfDNA_2.fq.gz
P152_S1_WBC,/CH_files/P152_S1_WBC_1.fq.gz,/CH_files/P152_S1_WBC_2.fq.gz
P153_S1_cfDNA,/CH_files/P153_S1_cfDNA_1.fq.gz,/CH_files/P153_S1_cfDNA_2.fq.gz
P153_S1_WBC,/CH_files/P153_S1_WBC_1.fq.gz,/CH_files/P153_S1_WBC_2.fq.gz
P154_S1_cfDNA,/CH_files/P154_S1_cfDNA_1.fq.gz,/CH_files/P154_S1_cfDNA_2.fq.gz
P154_S1_WBC,/CH_files/P154_S1_WBC_1.fq.gz,/CH_files/P154_S1_WBC_2.fq.gz
P155_S1_cfDNA,/CH_files/P155_S1_cfDNA_1.fq.gz,/CH_files/P155_S1_cfDNA_2.fq.gz
P155_S1_WBC,/CH_files/P155_S1_WBC_1.fq.gz,/CH_files/P155_S1_WBC_2.fq.gz
P156_S1_cfDNA,/CH_files/P156_S1_cfDNA_1.fq.gz,/CH_files/P156_S1_cfDNA_2.fq.gz
P156_S1_WBC,/CH_files/P156_S1_WBC_1.fq.gz,/CH_files/P156_S1_WBC_2.fq.gz
P157_S2_WBC,/CH_files/P157_S2_WBC_1.fq.gz,/CH_files/P157_S2_WBC_2.fq.gz
P157_S1_WBC,/CH_files/P157_S1_WBC_1.fq.gz,/CH_files/P157_S1_WBC_2.fq.gz
P157_S2_cfDNA,/CH_files/P157_S2_cfDNA_1.fq.gz,/CH_files/P157_S2_cfDNA_2.fq.gz
P157_S1_cfDNA,/CH_files/P157_S1_cfDNA_1.fq.gz,/CH_files/P157_S1_cfDNA_2.fq.gz
P158_S1_cfDNA,/CH_files/P158_S1_cfDNA_1.fq.gz,/CH_files/P158_S1_cfDNA_2.fq.gz
P158_S1_WBC,/CH_files/P158_S1_WBC_1.fq.gz,/CH_files/P158_S1_WBC_2.fq.gz
P159_S1_cfDNA,/CH_files/P159_S1_cfDNA_1.fq.gz,/CH_files/P159_S1_cfDNA_2.fq.gz
P159_S1_WBC,/CH_files/P159_S1_WBC_1.fq.gz,/CH_files/P159_S1_WBC_2.fq.gz
P160_S1_WBC,/CH_files/P160_S1_WBC_1.fq.gz,/CH_files/P160_S1_WBC_2.fq.gz
P160_S1_cfDNA,/CH_files/P160_S1_cfDNA_1.fq.gz,/CH_files/P160_S1_cfDNA_2.fq.gz
P161_S1_WBC,/CH_files/P161_S1_WBC_1.fq.gz,/CH_files/P161_S1_WBC_2.fq.gz
P161_S1_cfDNA,/CH_files/P161_S1_cfDNA_1.fq.gz,/CH_files/P161_S1_cfDNA_2.fq.gz
P162_S1_cfDNA,/CH_files/P162_S1_cfDNA_1.fq.gz,/CH_files/P162_S1_cfDNA_2.fq.gz
P162_S1_WBC,/CH_files/P162_S1_WBC_1.fq.gz,/CH_files/P162_S1_WBC_2.fq.gz
P163_S1_cfDNA,/CH_files/P163_S1_cfDNA_1.fq.gz,/CH_files/P163_S1_cfDNA_2.fq.gz
P163_S1_WBC,/CH_files/P163_S1_WBC_1.fq.gz,/CH_files/P163_S1_WBC_2.fq.gz
P164_S1_WBC,/CH_files/P164_S1_WBC_1.fq.gz,/CH_files/P164_S1_WBC_2.fq.gz
P164_S1_cfDNA,/CH_files/P164_S1_cfDNA_1.fq.gz,/CH_files/P164_S1_cfDNA_2.fq.gz
P165_S1_cfDNA,/CH_files/P165_S1_cfDNA_1.fq.gz,/CH_files/P165_S1_cfDNA_2.fq.gz
P165_S1_WBC,/CH_files/P165_S1_WBC_1.fq.gz,/CH_files/P165_S1_WBC_2.fq.gz
P166_S1_cfDNA,/CH_files/P166_S1_cfDNA_1.fq.gz,/CH_files/P166_S1_cfDNA_2.fq.gz
P166_S1_WBC,/CH_files/P166_S1_WBC_1.fq.gz,/CH_files/P166_S1_WBC_2.fq.gz
P167_S1_cfDNA,/CH_files/P167_S1_cfDNA_1.fq.gz,/CH_files/P167_S1_cfDNA_2.fq.gz
P167_S1_WBC,/CH_files/P167_S1_WBC_1.fq.gz,/CH_files/P167_S1_WBC_2.fq.gz
P168_S1_WBC,/CH_files/P168_S1_WBC_1.fq.gz,/CH_files/P168_S1_WBC_2.fq.gz
P168_S1_cfDNA,/CH_files/P168_S1_cfDNA_1.fq.gz,/CH_files/P168_S1_cfDNA_2.fq.gz
P169_S1_cfDNA,/CH_files/P169_S1_cfDNA_1.fq.gz,/CH_files/P169_S1_cfDNA_2.fq.gz
P169_S1_WBC,/CH_files/P169_S1_WBC_1.fq.gz,/CH_files/P169_S1_WBC_2.fq.gz
P170_S1_cfDNA,/CH_files/P170_S1_cfDNA_1.fq.gz,/CH_files/P170_S1_cfDNA_2.fq.gz
P170_S2_WBC,/CH_files/P170_S2_WBC_1.fq.gz,/CH_files/P170_S2_WBC_2.fq.gz
P170_S2_cfDNA,/CH_files/P170_S2_cfDNA_1.fq.gz,/CH_files/P170_S2_cfDNA_2.fq.gz
P170_S1_WBC,/CH_files/P170_S1_WBC_1.fq.gz,/CH_files/P170_S1_WBC_2.fq.gz
P171_S1_WBC,/CH_files/P171_S1_WBC_1.fq.gz,/CH_files/P171_S1_WBC_2.fq.gz
P171_S1_cfDNA,/CH_files/P171_S1_cfDNA_1.fq.gz,/CH_files/P171_S1_cfDNA_2.fq.gz
P172_S1_WBC,/CH_files/P172_S1_WBC_1.fq.gz,/CH_files/P172_S1_WBC_2.fq.gz
P172_S1_cfDNA,/CH_files/P172_S1_cfDNA_1.fq.gz,/CH_files/P172_S1_cfDNA_2.fq.gz
P173_S2_cfDNA,/CH_files/P173_S2_cfDNA_1.fq.gz,/CH_files/P173_S2_cfDNA_2.fq.gz
P173_S1_WBC,/CH_files/P173_S1_WBC_1.fq.gz,/CH_files/P173_S1_WBC_2.fq.gz
P173_S1_cfDNA,/CH_files/P173_S1_cfDNA_1.fq.gz,/CH_files/P173_S1_cfDNA_2.fq.gz
P173_S2_WBC,/CH_files/P173_S2_WBC_1.fq.gz,/CH_files/P173_S2_WBC_2.fq.gz
P174_S1_WBC,/CH_files/P174_S1_WBC_1.fq.gz,/CH_files/P174_S1_WBC_2.fq.gz
P174_S1_cfDNA,/CH_files/P174_S1_cfDNA_1.fq.gz,/CH_files/P174_S1_cfDNA_2.fq.gz
P175_S1_cfDNA,/CH_files/P175_S1_cfDNA_1.fq.gz,/CH_files/P175_S1_cfDNA_2.fq.gz
P175_S1_WBC,/CH_files/P175_S1_WBC_1.fq.gz,/CH_files/P175_S1_WBC_2.fq.gz
P176_S1_WBC,/CH_files/P176_S1_WBC_1.fq.gz,/CH_files/P176_S1_WBC_2.fq.gz
P176_S1_cfDNA,/CH_files/P176_S1_cfDNA_1.fq.gz,/CH_files/P176_S1_cfDNA_2.fq.gz
P177_S1_WBC,/CH_files/P177_S1_WBC_1.fq.gz,/CH_files/P177_S1_WBC_2.fq.gz
P177_S1_cfDNA,/CH_files/P177_S1_cfDNA_1.fq.gz,/CH_files/P177_S1_cfDNA_2.fq.gz
P178_S1_cfDNA,/CH_files/P178_S1_cfDNA_1.fq.gz,/CH_files/P178_S1_cfDNA_2.fq.gz
P178_S1_WBC,/CH_files/P178_S1_WBC_1.fq.gz,/CH_files/P178_S1_WBC_2.fq.gz
P178_S2_cfDNA,/CH_files/P178_S2_cfDNA_1.fq.gz,/CH_files/P178_S2_cfDNA_2.fq.gz
P178_S2_WBC,/CH_files/P178_S2_WBC_1.fq.gz,/CH_files/P178_S2_WBC_2.fq.gz
P179_S1_WBC,/CH_files/P179_S1_WBC_1.fq.gz,/CH_files/P179_S1_WBC_2.fq.gz
P179_S1_cfDNA,/CH_files/P179_S1_cfDNA_1.fq.gz,/CH_files/P179_S1_cfDNA_2.fq.gz
P180_S1_cfDNA,/CH_files/P180_S1_cfDNA_1.fq.gz,/CH_files/P180_S1_cfDNA_2.fq.gz
P180_S1_WBC,/CH_files/P180_S1_WBC_1.fq.gz,/CH_files/P180_S1_WBC_2.fq.gz
P181_S1_cfDNA,/CH_files/P181_S1_cfDNA_1.fq.gz,/CH_files/P181_S1_cfDNA_2.fq.gz
P181_S2_WBC,/CH_files/P181_S2_WBC_1.fq.gz,/CH_files/P181_S2_WBC_2.fq.gz
P181_S3_cfDNA,/CH_files/P181_S3_cfDNA_1.fq.gz,/CH_files/P181_S3_cfDNA_2.fq.gz
P181_S2_cfDNA,/CH_files/P181_S2_cfDNA_1.fq.gz,/CH_files/P181_S2_cfDNA_2.fq.gz
P181_S3_WBC,/CH_files/P181_S3_WBC_1.fq.gz,/CH_files/P181_S3_WBC_2.fq.gz
P181_S1_WBC,/CH_files/P181_S1_WBC_1.fq.gz,/CH_files/P181_S1_WBC_2.fq.gz
P182_S1_WBC,/CH_files/P182_S1_WBC_1.fq.gz,/CH_files/P182_S1_WBC_2.fq.gz
P182_S2_WBC,/CH_files/P182_S2_WBC_1.fq.gz,/CH_files/P182_S2_WBC_2.fq.gz
P182_S2_cfDNA,/CH_files/P182_S2_cfDNA_1.fq.gz,/CH_files/P182_S2_cfDNA_2.fq.gz
P182_S1_cfDNA,/CH_files/P182_S1_cfDNA_1.fq.gz,/CH_files/P182_S1_cfDNA_2.fq.gz
P183_S1_WBC,/CH_files/P183_S1_WBC_1.fq.gz,/CH_files/P183_S1_WBC_2.fq.gz
P183_S1_cfDNA,/CH_files/P183_S1_cfDNA_1.fq.gz,/CH_files/P183_S1_cfDNA_2.fq.gz
P184_S1_cfDNA,/CH_files/P184_S1_cfDNA_1.fq.gz,/CH_files/P184_S1_cfDNA_2.fq.gz
P184_S1_WBC,/CH_files/P184_S1_WBC_1.fq.gz,/CH_files/P184_S1_WBC_2.fq.gz
P185_S1_cfDNA,/CH_files/P185_S1_cfDNA_1.fq.gz,/CH_files/P185_S1_cfDNA_2.fq.gz
P185_S1_WBC,/CH_files/P185_S1_WBC_1.fq.gz,/CH_files/P185_S1_WBC_2.fq.gz
P186_S1_WBC,/CH_files/P186_S1_WBC_1.fq.gz,/CH_files/P186_S1_WBC_2.fq.gz
P186_S1_cfDNA,/CH_files/P186_S1_cfDNA_1.fq.gz,/CH_files/P186_S1_cfDNA_2.fq.gz
P187_S1_cfDNA,/CH_files/P187_S1_cfDNA_1.fq.gz,/CH_files/P187_S1_cfDNA_2.fq.gz
P187_S2_cfDNA,/CH_files/P187_S2_cfDNA_1.fq.gz,/CH_files/P187_S2_cfDNA_2.fq.gz
P187_S2_WBC,/CH_files/P187_S2_WBC_1.fq.gz,/CH_files/P187_S2_WBC_2.fq.gz
P187_S1_WBC,/CH_files/P187_S1_WBC_1.fq.gz,/CH_files/P187_S1_WBC_2.fq.gz
P188_S1_WBC,/CH_files/P188_S1_WBC_1.fq.gz,/CH_files/P188_S1_WBC_2.fq.gz
P188_S1_cfDNA,/CH_files/P188_S1_cfDNA_1.fq.gz,/CH_files/P188_S1_cfDNA_2.fq.gz
P189_S1_WBC,/CH_files/P189_S1_WBC_1.fq.gz,/CH_files/P189_S1_WBC_2.fq.gz
P189_S1_cfDNA,/CH_files/P189_S1_cfDNA_1.fq.gz,/CH_files/P189_S1_cfDNA_2.fq.gz
P190_S1_WBC,/CH_files/P190_S1_WBC_1.fq.gz,/CH_files/P190_S1_WBC_2.fq.gz
P190_S1_cfDNA,/CH_files/P190_S1_cfDNA_1.fq.gz,/CH_files/P190_S1_cfDNA_2.fq.gz
P191_S1_cfDNA,/CH_files/P191_S1_cfDNA_1.fq.gz,/CH_files/P191_S1_cfDNA_2.fq.gz
P191_S1_WBC,/CH_files/P191_S1_WBC_1.fq.gz,/CH_files/P191_S1_WBC_2.fq.gz
P192_S1_cfDNA,/CH_files/P192_S1_cfDNA_1.fq.gz,/CH_files/P192_S1_cfDNA_2.fq.gz
P192_S1_WBC,/CH_files/P192_S1_WBC_1.fq.gz,/CH_files/P192_S1_WBC_2.fq.gz
P193_S1_cfDNA,/CH_files/P193_S1_cfDNA_1.fq.gz,/CH_files/P193_S1_cfDNA_2.fq.gz
P193_S1_WBC,/CH_files/P193_S1_WBC_1.fq.gz,/CH_files/P193_S1_WBC_2.fq.gz
P194_S1_cfDNA,/CH_files/P194_S1_cfDNA_1.fq.gz,/CH_files/P194_S1_cfDNA_2.fq.gz
P194_S1_WBC,/CH_files/P194_S1_WBC_1.fq.gz,/CH_files/P194_S1_WBC_2.fq.gz
P195_S1_cfDNA,/CH_files/P195_S1_cfDNA_1.fq.gz,/CH_files/P195_S1_cfDNA_2.fq.gz
P195_S1_WBC,/CH_files/P195_S1_WBC_1.fq.gz,/CH_files/P195_S1_WBC_2.fq.gz
P196_S1_WBC,/CH_files/P196_S1_WBC_1.fq.gz,/CH_files/P196_S1_WBC_2.fq.gz
P196_S1_cfDNA,/CH_files/P196_S1_cfDNA_1.fq.gz,/CH_files/P196_S1_cfDNA_2.fq.gz
P197_S1_cfDNA,/CH_files/P197_S1_cfDNA_1.fq.gz,/CH_files/P197_S1_cfDNA_2.fq.gz
P197_S1_WBC,/CH_files/P197_S1_WBC_1.fq.gz,/CH_files/P197_S1_WBC_2.fq.gz
P198_S1_WBC,/CH_files/P198_S1_WBC_1.fq.gz,/CH_files/P198_S1_WBC_2.fq.gz
P198_S2_cfDNA,/CH_files/P198_S2_cfDNA_1.fq.gz,/CH_files/P198_S2_cfDNA_2.fq.gz
P198_S2_WBC,/CH_files/P198_S2_WBC_1.fq.gz,/CH_files/P198_S2_WBC_2.fq.gz
P198_S1_cfDNA,/CH_files/P198_S1_cfDNA_1.fq.gz,/CH_files/P198_S1_cfDNA_2.fq.gz
P199_S1_WBC,/CH_files/P199_S1_WBC_1.fq.gz,/CH_files/P199_S1_WBC_2.fq.gz
P199_S1_cfDNA,/CH_files/P199_S1_cfDNA_1.fq.gz,/CH_files/P199_S1_cfDNA_2.fq.gz
P199_S2_WBC,/CH_files/P199_S2_WBC_1.fq.gz,/CH_files/P199_S2_WBC_2.fq.gz
P199_S2_cfDNA,/CH_files/P199_S2_cfDNA_1.fq.gz,/CH_files/P199_S2_cfDNA_2.fq.gz
P200_S2_WBC,/CH_files/P200_S2_WBC_1.fq.gz,/CH_files/P200_S2_WBC_2.fq.gz
P200_S1_cfDNA,/CH_files/P200_S1_cfDNA_1.fq.gz,/CH_files/P200_S1_cfDNA_2.fq.gz
P200_S1_WBC,/CH_files/P200_S1_WBC_1.fq.gz,/CH_files/P200_S1_WBC_2.fq.gz
P200_S2_cfDNA,/CH_files/P200_S2_cfDNA_1.fq.gz,/CH_files/P200_S2_cfDNA_2.fq.gz
P201_S1_cfDNA,/CH_files/P201_S1_cfDNA_1.fq.gz,/CH_files/P201_S1_cfDNA_2.fq.gz
P201_S1_WBC,/CH_files/P201_S1_WBC_1.fq.gz,/CH_files/P201_S1_WBC_2.fq.gz
P202_S1_cfDNA,/CH_files/P202_S1_cfDNA_1.fq.gz,/CH_files/P202_S1_cfDNA_2.fq.gz
P202_S1_WBC,/CH_files/P202_S1_WBC_1.fq.gz,/CH_files/P202_S1_WBC_2.fq.gz
P203_S1_cfDNA,/CH_files/P203_S1_cfDNA_1.fq.gz,/CH_files/P203_S1_cfDNA_2.fq.gz
P203_S1_WBC,/CH_files/P203_S1_WBC_1.fq.gz,/CH_files/P203_S1_WBC_2.fq.gz
P204_S1_WBC,/CH_files/P204_S1_WBC_1.fq.gz,/CH_files/P204_S1_WBC_2.fq.gz
P204_S1_cfDNA,/CH_files/P204_S1_cfDNA_1.fq.gz,/CH_files/P204_S1_cfDNA_2.fq.gz
P205_S1_WBC,/CH_files/P205_S1_WBC_1.fq.gz,/CH_files/P205_S1_WBC_2.fq.gz
P205_S1_cfDNA,/CH_files/P205_S1_cfDNA_1.fq.gz,/CH_files/P205_S1_cfDNA_2.fq.gz
P205_S2_cfDNA,/CH_files/P205_S2_cfDNA_1.fq.gz,/CH_files/P205_S2_cfDNA_2.fq.gz
P205_S2_WBC,/CH_files/P205_S2_WBC_1.fq.gz,/CH_files/P205_S2_WBC_2.fq.gz
P206_S1_WBC,/CH_files/P206_S1_WBC_1.fq.gz,/CH_files/P206_S1_WBC_2.fq.gz
P206_S1_cfDNA,/CH_files/P206_S1_cfDNA_1.fq.gz,/CH_files/P206_S1_cfDNA_2.fq.gz
P207_S1_cfDNA,/CH_files/P207_S1_cfDNA_1.fq.gz,/CH_files/P207_S1_cfDNA_2.fq.gz
P207_S1_WBC,/CH_files/P207_S1_WBC_1.fq.gz,/CH_files/P207_S1_WBC_2.fq.gz
P208_S1_cfDNA,/CH_files/P208_S1_cfDNA_1.fq.gz,/CH_files/P208_S1_cfDNA_2.fq.gz
P208_S1_WBC,/CH_files/P208_S1_WBC_1.fq.gz,/CH_files/P208_S1_WBC_2.fq.gz
P209_S2_cfDNA,/CH_files/P209_S2_cfDNA_1.fq.gz,/CH_files/P209_S2_cfDNA_2.fq.gz
P209_S1_cfDNA,/CH_files/P209_S1_cfDNA_1.fq.gz,/CH_files/P209_S1_cfDNA_2.fq.gz
P209_S1_WBC,/CH_files/P209_S1_WBC_1.fq.gz,/CH_files/P209_S1_WBC_2.fq.gz
P209_S2_WBC,/CH_files/P209_S2_WBC_1.fq.gz,/CH_files/P209_S2_WBC_2.fq.gz
P210_S2_cfDNA,/CH_files/P210_S2_cfDNA_1.fq.gz,/CH_files/P210_S2_cfDNA_2.fq.gz
P210_S2_WBC,/CH_files/P210_S2_WBC_1.fq.gz,/CH_files/P210_S2_WBC_2.fq.gz
P210_S1_cfDNA,/CH_files/P210_S1_cfDNA_1.fq.gz,/CH_files/P210_S1_cfDNA_2.fq.gz
P210_S1_WBC,/CH_files/P210_S1_WBC_1.fq.gz,/CH_files/P210_S1_WBC_2.fq.gz
P211_S2_WBC,/CH_files/P211_S2_WBC_1.fq.gz,/CH_files/P211_S2_WBC_2.fq.gz
P211_S1_cfDNA,/CH_files/P211_S1_cfDNA_1.fq.gz,/CH_files/P211_S1_cfDNA_2.fq.gz
P211_S1_WBC,/CH_files/P211_S1_WBC_1.fq.gz,/CH_files/P211_S1_WBC_2.fq.gz
P211_S2_cfDNA,/CH_files/P211_S2_cfDNA_1.fq.gz,/CH_files/P211_S2_cfDNA_2.fq.gz
P212_S1_WBC,/CH_files/P212_S1_WBC_1.fq.gz,/CH_files/P212_S1_WBC_2.fq.gz
P212_S1_cfDNA,/CH_files/P212_S1_cfDNA_1.fq.gz,/CH_files/P212_S1_cfDNA_2.fq.gz
P212_S2_cfDNA,/CH_files/P212_S2_cfDNA_1.fq.gz,/CH_files/P212_S2_cfDNA_2.fq.gz
P212_S3_cfDNA,/CH_files/P212_S3_cfDNA_1.fq.gz,/CH_files/P212_S3_cfDNA_2.fq.gz
P212_S2_WBC,/CH_files/P212_S2_WBC_1.fq.gz,/CH_files/P212_S2_WBC_2.fq.gz
P212_S3_WBC,/CH_files/P212_S3_WBC_1.fq.gz,/CH_files/P212_S3_WBC_2.fq.gz
P213_S1_cfDNA,/CH_files/P213_S1_cfDNA_1.fq.gz,/CH_files/P213_S1_cfDNA_2.fq.gz
P213_S1_WBC,/CH_files/P213_S1_WBC_1.fq.gz,/CH_files/P213_S1_WBC_2.fq.gz
P213_S2_WBC,/CH_files/P213_S2_WBC_1.fq.gz,/CH_files/P213_S2_WBC_2.fq.gz
P213_S2_cfDNA,/CH_files/P213_S2_cfDNA_1.fq.gz,/CH_files/P213_S2_cfDNA_2.fq.gz
P214_S1_cfDNA,/CH_files/P214_S1_cfDNA_1.fq.gz,/CH_files/P214_S1_cfDNA_2.fq.gz
P214_S1_WBC,/CH_files/P214_S1_WBC_1.fq.gz,/CH_files/P214_S1_WBC_2.fq.gz
P215_S1_cfDNA,/CH_files/P215_S1_cfDNA_1.fq.gz,/CH_files/P215_S1_cfDNA_2.fq.gz
P215_S1_WBC,/CH_files/P215_S1_WBC_1.fq.gz,/CH_files/P215_S1_WBC_2.fq.gz
P216_S1_cfDNA,/CH_files/P216_S1_cfDNA_1.fq.gz,/CH_files/P216_S1_cfDNA_2.fq.gz
P216_S1_WBC,/CH_files/P216_S1_WBC_1.fq.gz,/CH_files/P216_S1_WBC_2.fq.gz
P217_S1_WBC,/CH_files/P217_S1_WBC_1.fq.gz,/CH_files/P217_S1_WBC_2.fq.gz
P217_S1_cfDNA,/CH_files/P217_S1_cfDNA_1.fq.gz,/CH_files/P217_S1_cfDNA_2.fq.gz
P218_S1_cfDNA,/CH_files/P218_S1_cfDNA_1.fq.gz,/CH_files/P218_S1_cfDNA_2.fq.gz
P218_S1_WBC,/CH_files/P218_S1_WBC_1.fq.gz,/CH_files/P218_S1_WBC_2.fq.gz
P219_S1_cfDNA,/CH_files/P219_S1_cfDNA_1.fq.gz,/CH_files/P219_S1_cfDNA_2.fq.gz
P219_S1_WBC,/CH_files/P219_S1_WBC_1.fq.gz,/CH_files/P219_S1_WBC_2.fq.gz
P220_S1_WBC,/CH_files/P220_S1_WBC_1.fq.gz,/CH_files/P220_S1_WBC_2.fq.gz
P220_S1_cfDNA,/CH_files/P220_S1_cfDNA_1.fq.gz,/CH_files/P220_S1_cfDNA_2.fq.gz
P221_S2_WBC,/CH_files/P221_S2_WBC_1.fq.gz,/CH_files/P221_S2_WBC_2.fq.gz
P221_S2_cfDNA,/CH_files/P221_S2_cfDNA_1.fq.gz,/CH_files/P221_S2_cfDNA_2.fq.gz
P221_S1_cfDNA,/CH_files/P221_S1_cfDNA_1.fq.gz,/CH_files/P221_S1_cfDNA_2.fq.gz
P221_S1_WBC,/CH_files/P221_S1_WBC_1.fq.gz,/CH_files/P221_S1_WBC_2.fq.gz
P222_S1_WBC,/CH_files/P222_S1_WBC_1.fq.gz,/CH_files/P222_S1_WBC_2.fq.gz
P222_S1_cfDNA,/CH_files/P222_S1_cfDNA_1.fq.gz,/CH_files/P222_S1_cfDNA_2.fq.gz
P223_S1_WBC,/CH_files/P223_S1_WBC_1.fq.gz,/CH_files/P223_S1_WBC_2.fq.gz
P223_S1_cfDNA,/CH_files/P223_S1_cfDNA_1.fq.gz,/CH_files/P223_S1_cfDNA_2.fq.gz
P224_S2_cfDNA,/CH_files/P224_S2_cfDNA_1.fq.gz,/CH_files/P224_S2_cfDNA_2.fq.gz
P224_S2_WBC,/CH_files/P224_S2_WBC_1.fq.gz,/CH_files/P224_S2_WBC_2.fq.gz
P224_S1_cfDNA,/CH_files/P224_S1_cfDNA_1.fq.gz,/CH_files/P224_S1_cfDNA_2.fq.gz
P224_S1_WBC,/CH_files/P224_S1_WBC_1.fq.gz,/CH_files/P224_S1_WBC_2.fq.gz
P225_S2_WBC,/CH_files/P225_S2_WBC_1.fq.gz,/CH_files/P225_S2_WBC_2.fq.gz
P225_S1_cfDNA,/CH_files/P225_S1_cfDNA_1.fq.gz,/CH_files/P225_S1_cfDNA_2.fq.gz
P225_S2_cfDNA,/CH_files/P225_S2_cfDNA_1.fq.gz,/CH_files/P225_S2_cfDNA_2.fq.gz
P225_S1_WBC,/CH_files/P225_S1_WBC_1.fq.gz,/CH_files/P225_S1_WBC_2.fq.gz
P226_S1_WBC,/CH_files/P226_S1_WBC_1.fq.gz,/CH_files/P226_S1_WBC_2.fq.gz
P226_S1_cfDNA,/CH_files/P226_S1_cfDNA_1.fq.gz,/CH_files/P226_S1_cfDNA_2.fq.gz
P227_S2_WBC,/CH_files/P227_S2_WBC_1.fq.gz,/CH_files/P227_S2_WBC_2.fq.gz
P227_S1_cfDNA,/CH_files/P227_S1_cfDNA_1.fq.gz,/CH_files/P227_S1_cfDNA_2.fq.gz
P227_S1_WBC,/CH_files/P227_S1_WBC_1.fq.gz,/CH_files/P227_S1_WBC_2.fq.gz
P227_S2_cfDNA,/CH_files/P227_S2_cfDNA_1.fq.gz,/CH_files/P227_S2_cfDNA_2.fq.gz
P228_S1_WBC,/CH_files/P228_S1_WBC_1.fq.gz,/CH_files/P228_S1_WBC_2.fq.gz
P228_S1_cfDNA,/CH_files/P228_S1_cfDNA_1.fq.gz,/CH_files/P228_S1_cfDNA_2.fq.gz
P229_S1_cfDNA,/CH_files/P229_S1_cfDNA_1.fq.gz,/CH_files/P229_S1_cfDNA_2.fq.gz
P229_S1_WBC,/CH_files/P229_S1_WBC_1.fq.gz,/CH_files/P229_S1_WBC_2.fq.gz
P230_S1_WBC,/CH_files/P230_S1_WBC_1.fq.gz,/CH_files/P230_S1_WBC_2.fq.gz
P230_S1_cfDNA,/CH_files/P230_S1_cfDNA_1.fq.gz,/CH_files/P230_S1_cfDNA_2.fq.gz
P231_S1_cfDNA,/CH_files/P231_S1_cfDNA_1.fq.gz,/CH_files/P231_S1_cfDNA_2.fq.gz
P231_S1_WBC,/CH_files/P231_S1_WBC_1.fq.gz,/CH_files/P231_S1_WBC_2.fq.gz
P232_S1_cfDNA,/CH_files/P232_S1_cfDNA_1.fq.gz,/CH_files/P232_S1_cfDNA_2.fq.gz
P232_S1_WBC,/CH_files/P232_S1_WBC_1.fq.gz,/CH_files/P232_S1_WBC_2.fq.gz
P233_S1_cfDNA,/CH_files/P233_S1_cfDNA_1.fq.gz,/CH_files/P233_S1_cfDNA_2.fq.gz
P233_S2_WBC,/CH_files/P233_S2_WBC_1.fq.gz,/CH_files/P233_S2_WBC_2.fq.gz
P233_S1_WBC,/CH_files/P233_S1_WBC_1.fq.gz,/CH_files/P233_S1_WBC_2.fq.gz
P233_S2_cfDNA,/CH_files/P233_S2_cfDNA_1.fq.gz,/CH_files/P233_S2_cfDNA_2.fq.gz
P234_S1_WBC,/CH_files/P234_S1_WBC_1.fq.gz,/CH_files/P234_S1_WBC_2.fq.gz
P234_S1_cfDNA,/CH_files/P234_S1_cfDNA_1.fq.gz,/CH_files/P234_S1_cfDNA_2.fq.gz
P235_S1_WBC,/CH_files/P235_S1_WBC_1.fq.gz,/CH_files/P235_S1_WBC_2.fq.gz
P235_S1_cfDNA,/CH_files/P235_S1_cfDNA_1.fq.gz,/CH_files/P235_S1_cfDNA_2.fq.gz
P236_S1_WBC,/CH_files/P236_S1_WBC_1.fq.gz,/CH_files/P236_S1_WBC_2.fq.gz
P236_S1_cfDNA,/CH_files/P236_S1_cfDNA_1.fq.gz,/CH_files/P236_S1_cfDNA_2.fq.gz
P237_S1_cfDNA,/CH_files/P237_S1_cfDNA_1.fq.gz,/CH_files/P237_S1_cfDNA_2.fq.gz
P237_S1_WBC,/CH_files/P237_S1_WBC_1.fq.gz,/CH_files/P237_S1_WBC_2.fq.gz
P238_S1_cfDNA,/CH_files/P238_S1_cfDNA_1.fq.gz,/CH_files/P238_S1_cfDNA_2.fq.gz
P238_S1_WBC,/CH_files/P238_S1_WBC_1.fq.gz,/CH_files/P238_S1_WBC_2.fq.gz
P239_S1_WBC,/CH_files/P239_S1_WBC_1.fq.gz,/CH_files/P239_S1_WBC_2.fq.gz
P239_S1_cfDNA,/CH_files/P239_S1_cfDNA_1.fq.gz,/CH_files/P239_S1_cfDNA_2.fq.gz
P240_S1_cfDNA,/CH_files/P240_S1_cfDNA_1.fq.gz,/CH_files/P240_S1_cfDNA_2.fq.gz
P240_S1_WBC,/CH_files/P240_S1_WBC_1.fq.gz,/CH_files/P240_S1_WBC_2.fq.gz
P241_S1_cfDNA,/CH_files/P241_S1_cfDNA_1.fq.gz,/CH_files/P241_S1_cfDNA_2.fq.gz
P241_S1_WBC,/CH_files/P241_S1_WBC_1.fq.gz,/CH_files/P241_S1_WBC_2.fq.gz
P242_S1_cfDNA,/CH_files/P242_S1_cfDNA_1.fq.gz,/CH_files/P242_S1_cfDNA_2.fq.gz
P242_S1_WBC,/CH_files/P242_S1_WBC_1.fq.gz,/CH_files/P242_S1_WBC_2.fq.gz
P243_S1_cfDNA,/CH_files/P243_S1_cfDNA_1.fq.gz,/CH_files/P243_S1_cfDNA_2.fq.gz
P243_S1_WBC,/CH_files/P243_S1_WBC_1.fq.gz,/CH_files/P243_S1_WBC_2.fq.gz
P244_S1_WBC,/CH_files/P244_S1_WBC_1.fq.gz,/CH_files/P244_S1_WBC_2.fq.gz
P244_S1_cfDNA,/CH_files/P244_S1_cfDNA_1.fq.gz,/CH_files/P244_S1_cfDNA_2.fq.gz
P245_S1_WBC,/CH_files/P245_S1_WBC_1.fq.gz,/CH_files/P245_S1_WBC_2.fq.gz
P245_S1_cfDNA,/CH_files/P245_S1_cfDNA_1.fq.gz,/CH_files/P245_S1_cfDNA_2.fq.gz
P246_S1_cfDNA,/CH_files/P246_S1_cfDNA_1.fq.gz,/CH_files/P246_S1_cfDNA_2.fq.gz
P246_S1_WBC,/CH_files/P246_S1_WBC_1.fq.gz,/CH_files/P246_S1_WBC_2.fq.gz
P247_S1_WBC,/CH_files/P247_S1_WBC_1.fq.gz,/CH_files/P247_S1_WBC_2.fq.gz
P247_S1_cfDNA,/CH_files/P247_S1_cfDNA_1.fq.gz,/CH_files/P247_S1_cfDNA_2.fq.gz
P248_S1_WBC,/CH_files/P248_S1_WBC_1.fq.gz,/CH_files/P248_S1_WBC_2.fq.gz
P248_S1_cfDNA,/CH_files/P248_S1_cfDNA_1.fq.gz,/CH_files/P248_S1_cfDNA_2.fq.gz
P249_S1_WBC,/CH_files/P249_S1_WBC_1.fq.gz,/CH_files/P249_S1_WBC_2.fq.gz
P249_S1_cfDNA,/CH_files/P249_S1_cfDNA_1.fq.gz,/CH_files/P249_S1_cfDNA_2.fq.gz
P250_S1_WBC,/CH_files/P250_S1_WBC_1.fq.gz,/CH_files/P250_S1_WBC_2.fq.gz
P250_S1_cfDNA,/CH_files/P250_S1_cfDNA_1.fq.gz,/CH_files/P250_S1_cfDNA_2.fq.gz
P251_S1_WBC,/CH_files/P251_S1_WBC_1.fq.gz,/CH_files/P251_S1_WBC_2.fq.gz
P251_S1_cfDNA,/CH_files/P251_S1_cfDNA_1.fq.gz,/CH_files/P251_S1_cfDNA_2.fq.gz
P252_S1_WBC,/CH_files/P252_S1_WBC_1.fq.gz,/CH_files/P252_S1_WBC_2.fq.gz
P252_S1_cfDNA,/CH_files/P252_S1_cfDNA_1.fq.gz,/CH_files/P252_S1_cfDNA_2.fq.gz
P253_S1_cfDNA,/CH_files/P253_S1_cfDNA_1.fq.gz,/CH_files/P253_S1_cfDNA_2.fq.gz
P253_S1_WBC,/CH_files/P253_S1_WBC_1.fq.gz,/CH_files/P253_S1_WBC_2.fq.gz
P254_S1_cfDNA,/CH_files/P254_S1_cfDNA_1.fq.gz,/CH_files/P254_S1_cfDNA_2.fq.gz
P254_S1_WBC,/CH_files/P254_S1_WBC_1.fq.gz,/CH_files/P254_S1_WBC_2.fq.gz
P255_S1_cfDNA,/CH_files/P255_S1_cfDNA_1.fq.gz,/CH_files/P255_S1_cfDNA_2.fq.gz
P255_S1_WBC,/CH_files/P255_S1_WBC_1.fq.gz,/CH_files/P255_S1_WBC_2.fq.gz
P256_S1_cfDNA,/CH_files/P256_S1_cfDNA_1.fq.gz,/CH_files/P256_S1_cfDNA_2.fq.gz
P256_S1_WBC,/CH_files/P256_S1_WBC_1.fq.gz,/CH_files/P256_S1_WBC_2.fq.gz
P257_S1_WBC,/CH_files/P257_S1_WBC_1.fq.gz,/CH_files/P257_S1_WBC_2.fq.gz
P257_S1_cfDNA,/CH_files/P257_S1_cfDNA_1.fq.gz,/CH_files/P257_S1_cfDNA_2.fq.gz
P258_S1_WBC,/CH_files/P258_S1_WBC_1.fq.gz,/CH_files/P258_S1_WBC_2.fq.gz
P258_S1_cfDNA,/CH_files/P258_S1_cfDNA_1.fq.gz,/CH_files/P258_S1_cfDNA_2.fq.gz
P259_S1_cfDNA,/CH_files/P259_S1_cfDNA_1.fq.gz,/CH_files/P259_S1_cfDNA_2.fq.gz
P259_S1_WBC,/CH_files/P259_S1_WBC_1.fq.gz,/CH_files/P259_S1_WBC_2.fq.gz
P260_S1_WBC,/CH_files/P260_S1_WBC_1.fq.gz,/CH_files/P260_S1_WBC_2.fq.gz
P260_S1_cfDNA,/CH_files/P260_S1_cfDNA_1.fq.gz,/CH_files/P260_S1_cfDNA_2.fq.gz
P261_S1_cfDNA,/CH_files/P261_S1_cfDNA_1.fq.gz,/CH_files/P261_S1_cfDNA_2.fq.gz
P261_S1_WBC,/CH_files/P261_S1_WBC_1.fq.gz,/CH_files/P261_S1_WBC_2.fq.gz
P262_S1_cfDNA,/CH_files/P262_S1_cfDNA_1.fq.gz,/CH_files/P262_S1_cfDNA_2.fq.gz
P262_S1_WBC,/CH_files/P262_S1_WBC_1.fq.gz,/CH_files/P262_S1_WBC_2.fq.gz
P263_S1_cfDNA,/CH_files/P263_S1_cfDNA_1.fq.gz,/CH_files/P263_S1_cfDNA_2.fq.gz
P263_S1_WBC,/CH_files/P263_S1_WBC_1.fq.gz,/CH_files/P263_S1_WBC_2.fq.gz
P264_S1_cfDNA,/CH_files/P264_S1_cfDNA_1.fq.gz,/CH_files/P264_S1_cfDNA_2.fq.gz
P264_S1_WBC,/CH_files/P264_S1_WBC_1.fq.gz,/CH_files/P264_S1_WBC_2.fq.gz
P265_S1_WBC,/CH_files/P265_S1_WBC_1.fq.gz,/CH_files/P265_S1_WBC_2.fq.gz
P265_S1_cfDNA,/CH_files/P265_S1_cfDNA_1.fq.gz,/CH_files/P265_S1_cfDNA_2.fq.gz
P266_S1_cfDNA,/CH_files/P266_S1_cfDNA_1.fq.gz,/CH_files/P266_S1_cfDNA_2.fq.gz
P266_S1_WBC,/CH_files/P266_S1_WBC_1.fq.gz,/CH_files/P266_S1_WBC_2.fq.gz
P267_S1_cfDNA,/CH_files/P267_S1_cfDNA_1.fq.gz,/CH_files/P267_S1_cfDNA_2.fq.gz
P267_S1_WBC,/CH_files/P267_S1_WBC_1.fq.gz,/CH_files/P267_S1_WBC_2.fq.gz
P268_S1_cfDNA,/CH_files/P268_S1_cfDNA_1.fq.gz,/CH_files/P268_S1_cfDNA_2.fq.gz
P268_S1_WBC,/CH_files/P268_S1_WBC_1.fq.gz,/CH_files/P268_S1_WBC_2.fq.gz
P269_S1_WBC,/CH_files/P269_S1_WBC_1.fq.gz,/CH_files/P269_S1_WBC_2.fq.gz
P269_S1_cfDNA,/CH_files/P269_S1_cfDNA_1.fq.gz,/CH_files/P269_S1_cfDNA_2.fq.gz
P270_S1_cfDNA,/CH_files/P270_S1_cfDNA_1.fq.gz,/CH_files/P270_S1_cfDNA_2.fq.gz
P270_S1_WBC,/CH_files/P270_S1_WBC_1.fq.gz,/CH_files/P270_S1_WBC_2.fq.gz
P271_S1_cfDNA,/CH_files/P271_S1_cfDNA_1.fq.gz,/CH_files/P271_S1_cfDNA_2.fq.gz
P271_S1_WBC,/CH_files/P271_S1_WBC_1.fq.gz,/CH_files/P271_S1_WBC_2.fq.gz
P272_S1_cfDNA,/CH_files/P272_S1_cfDNA_1.fq.gz,/CH_files/P272_S1_cfDNA_2.fq.gz
P272_S1_WBC,/CH_files/P272_S1_WBC_1.fq.gz,/CH_files/P272_S1_WBC_2.fq.gz
P273_S1_cfDNA,/CH_files/P273_S1_cfDNA_1.fq.gz,/CH_files/P273_S1_cfDNA_2.fq.gz
P273_S1_WBC,/CH_files/P273_S1_WBC_1.fq.gz,/CH_files/P273_S1_WBC_2.fq.gz
P274_S1_WBC,/CH_files/P274_S1_WBC_1.fq.gz,/CH_files/P274_S1_WBC_2.fq.gz
P274_S1_cfDNA,/CH_files/P274_S1_cfDNA_1.fq.gz,/CH_files/P274_S1_cfDNA_2.fq.gz
P275_S1_cfDNA,/CH_files/P275_S1_cfDNA_1.fq.gz,/CH_files/P275_S1_cfDNA_2.fq.gz
P275_S1_WBC,/CH_files/P275_S1_WBC_1.fq.gz,/CH_files/P275_S1_WBC_2.fq.gz
P276_S1_WBC,/CH_files/P276_S1_WBC_1.fq.gz,/CH_files/P276_S1_WBC_2.fq.gz
P276_S1_cfDNA,/CH_files/P276_S1_cfDNA_1.fq.gz,/CH_files/P276_S1_cfDNA_2.fq.gz
P277_S1_WBC,/CH_files/P277_S1_WBC_1.fq.gz,/CH_files/P277_S1_WBC_2.fq.gz
P277_S1_cfDNA,/CH_files/P277_S1_cfDNA_1.fq.gz,/CH_files/P277_S1_cfDNA_2.fq.gz
P278_S1_cfDNA,/CH_files/P278_S1_cfDNA_1.fq.gz,/CH_files/P278_S1_cfDNA_2.fq.gz
P278_S1_WBC,/CH_files/P278_S1_WBC_1.fq.gz,/CH_files/P278_S1_WBC_2.fq.gz
P279_S1_WBC,/CH_files/P279_S1_WBC_1.fq.gz,/CH_files/P279_S1_WBC_2.fq.gz
P279_S1_cfDNA,/CH_files/P279_S1_cfDNA_1.fq.gz,/CH_files/P279_S1_cfDNA_2.fq.gz
P280_S1_cfDNA,/CH_files/P280_S1_cfDNA_1.fq.gz,/CH_files/P280_S1_cfDNA_2.fq.gz
P280_S1_WBC,/CH_files/P280_S1_WBC_1.fq.gz,/CH_files/P280_S1_WBC_2.fq.gz
P281_S1_cfDNA,/CH_files/P281_S1_cfDNA_1.fq.gz,/CH_files/P281_S1_cfDNA_2.fq.gz
P281_S1_WBC,/CH_files/P281_S1_WBC_1.fq.gz,/CH_files/P281_S1_WBC_2.fq.gz
P282_S1_WBC,/CH_files/P282_S1_WBC_1.fq.gz,/CH_files/P282_S1_WBC_2.fq.gz
P282_S1_cfDNA,/CH_files/P282_S1_cfDNA_1.fq.gz,/CH_files/P282_S1_cfDNA_2.fq.gz
P283_S1_cfDNA,/CH_files/P283_S1_cfDNA_1.fq.gz,/CH_files/P283_S1_cfDNA_2.fq.gz
P283_S1_WBC,/CH_files/P283_S1_WBC_1.fq.gz,/CH_files/P283_S1_WBC_2.fq.gz
P284_S1_WBC,/CH_files/P284_S1_WBC_1.fq.gz,/CH_files/P284_S1_WBC_2.fq.gz
P284_S1_cfDNA,/CH_files/P284_S1_cfDNA_1.fq.gz,/CH_files/P284_S1_cfDNA_2.fq.gz
P285_S1_WBC,/CH_files/P285_S1_WBC_1.fq.gz,/CH_files/P285_S1_WBC_2.fq.gz
P285_S1_cfDNA,/CH_files/P285_S1_cfDNA_1.fq.gz,/CH_files/P285_S1_cfDNA_2.fq.gz
P286_S1_cfDNA,/CH_files/P286_S1_cfDNA_1.fq.gz,/CH_files/P286_S1_cfDNA_2.fq.gz
P286_S1_WBC,/CH_files/P286_S1_WBC_1.fq.gz,/CH_files/P286_S1_WBC_2.fq.gz
P287_S1_WBC,/CH_files/P287_S1_WBC_1.fq.gz,/CH_files/P287_S1_WBC_2.fq.gz
P287_S1_cfDNA,/CH_files/P287_S1_cfDNA_1.fq.gz,/CH_files/P287_S1_cfDNA_2.fq.gz
P288_S1_cfDNA,/CH_files/P288_S1_cfDNA_1.fq.gz,/CH_files/P288_S1_cfDNA_2.fq.gz
P288_S1_WBC,/CH_files/P288_S1_WBC_1.fq.gz,/CH_files/P288_S1_WBC_2.fq.gz
P289_S1_WBC,/CH_files/P289_S1_WBC_1.fq.gz,/CH_files/P289_S1_WBC_2.fq.gz
P289_S1_cfDNA,/CH_files/P289_S1_cfDNA_1.fq.gz,/CH_files/P289_S1_cfDNA_2.fq.gz
P290_S1_WBC,/CH_files/P290_S1_WBC_1.fq.gz,/CH_files/P290_S1_WBC_2.fq.gz
P290_S1_cfDNA,/CH_files/P290_S1_cfDNA_1.fq.gz,/CH_files/P290_S1_cfDNA_2.fq.gz
P291_S1_WBC,/CH_files/P291_S1_WBC_1.fq.gz,/CH_files/P291_S1_WBC_2.fq.gz
P291_S1_cfDNA,/CH_files/P291_S1_cfDNA_1.fq.gz,/CH_files/P291_S1_cfDNA_2.fq.gz
P292_S1_cfDNA,/CH_files/P292_S1_cfDNA_1.fq.gz,/CH_files/P292_S1_cfDNA_2.fq.gz
P292_S1_WBC,/CH_files/P292_S1_WBC_1.fq.gz,/CH_files/P292_S1_WBC_2.fq.gz
P293_S1_cfDNA,/CH_files/P293_S1_cfDNA_1.fq.gz,/CH_files/P293_S1_cfDNA_2.fq.gz
P293_S1_WBC,/CH_files/P293_S1_WBC_1.fq.gz,/CH_files/P293_S1_WBC_2.fq.gz
P294_S1_WBC,/CH_files/P294_S1_WBC_1.fq.gz,/CH_files/P294_S1_WBC_2.fq.gz
P294_S1_cfDNA,/CH_files/P294_S1_cfDNA_1.fq.gz,/CH_files/P294_S1_cfDNA_2.fq.gz
P295_S1_cfDNA,/CH_files/P295_S1_cfDNA_1.fq.gz,/CH_files/P295_S1_cfDNA_2.fq.gz
P295_S1_WBC,/CH_files/P295_S1_WBC_1.fq.gz,/CH_files/P295_S1_WBC_2.fq.gz
P296_S1_cfDNA,/CH_files/P296_S1_cfDNA_1.fq.gz,/CH_files/P296_S1_cfDNA_2.fq.gz
P296_S1_WBC,/CH_files/P296_S1_WBC_1.fq.gz,/CH_files/P296_S1_WBC_2.fq.gz
P297_S1_WBC,/CH_files/P297_S1_WBC_1.fq.gz,/CH_files/P297_S1_WBC_2.fq.gz
P297_S1_cfDNA,/CH_files/P297_S1_cfDNA_1.fq.gz,/CH_files/P297_S1_cfDNA_2.fq.gz
P298_S1_cfDNA,/CH_files/P298_S1_cfDNA_1.fq.gz,/CH_files/P298_S1_cfDNA_2.fq.gz
P298_S1_WBC,/CH_files/P298_S1_WBC_1.fq.gz,/CH_files/P298_S1_WBC_2.fq.gz
P299_S1_WBC,/CH_files/P299_S1_WBC_1.fq.gz,/CH_files/P299_S1_WBC_2.fq.gz
P299_S1_cfDNA,/CH_files/P299_S1_cfDNA_1.fq.gz,/CH_files/P299_S1_cfDNA_2.fq.gz
